Filename,Total,CPU Setup,GPU Total,GPU Upload,GPU Upload Create,Preprocessing,Instruction Count,Instruction Gen,Optimize,Regalloc,Jump Fix,Postprocess
./basic/1.in/0.out,2325079,2329,52544,162,32,117,113,1749,686,49503,192,11
./basic/1.in/1.out,2292758,2252,53374,157,31,112,110,1732,682,50358,201,11
./basic/1.in/2.out,2279545,2052,53454,166,32,112,111,1753,671,50421,196,11
./basic/1.in/3.out,2396331,1368,52585,173,34,124,120,1751,732,49459,202,13
./basic/1.in/4.out,2299229,2191,53408,165,32,119,112,1732,681,50377,200,12
./basic/1.in/5.out,2294981,2120,52559,161,31,113,108,1725,682,49557,192,10
./basic/1.in/6.out,2282906,2408,53528,161,31,113,115,1741,691,50484,201,11
./basic/1.in/7.out,2279426,1124,52481,160,30,117,111,1752,680,49438,201,11
./basic/1.in/8.out,2279917,995,53386,168,33,111,112,1708,668,50404,191,11
./basic/1.in/9.out,2260255,991,53476,163,32,115,111,1736,684,50433,211,12
./basic/1.in/10.out,2305555,2173,53511,164,34,113,109,1725,680,50501,198,11
./basic/1.in/11.out,2279209,1990,52536,164,32,114,110,1721,683,49525,198,12
./basic/1.in/12.out,2271003,996,53536,157,30,116,111,1730,683,50527,189,11
./basic/1.in/13.out,2310783,3209,53339,157,30,115,112,1704,680,50338,210,11
./basic/1.in/14.out,2289131,1998,53567,158,30,115,115,1735,689,50531,202,11
./basic/1.in/15.out,2319988,2111,53403,163,31,114,116,1710,696,50384,198,11
./basic/1.in/16.out,2309899,1967,53555,161,32,118,113,1727,687,50534,193,11
./basic/1.in/17.out,2301707,2253,53480,163,32,112,110,1694,681,50501,197,11
./basic/1.in/18.out,2298132,2349,53614,158,31,114,113,1763,684,50554,205,11
./basic/1.in/19.out,2305661,2529,52426,158,31,115,111,1741,676,49408,196,11
./basic/1.in/20.out,2277438,1763,52410,160,31,116,114,1740,680,49377,201,10
./basic/1.in/21.out,2319685,3122,53505,163,33,115,109,1735,690,50469,202,12
./basic/1.in/22.out,2306414,2262,53517,160,30,110,116,1740,680,50488,200,11
./basic/1.in/23.out,2272854,1337,52573,169,31,117,109,1742,677,49541,196,11
./basic/1.in/24.out,2297820,2179,53507,161,31,116,109,1758,674,50473,193,12
./basic/1.in/25.out,2301424,2703,52556,162,32,117,111,1743,680,49525,196,11
./basic/1.in/26.out,2302537,2444,53388,160,33,112,113,1696,671,50412,202,11
./basic/1.in/27.out,2288626,995,53564,161,31,116,111,1763,679,50520,191,11
./basic/1.in/28.out,2325021,2061,53568,160,30,114,111,1737,684,50531,208,11
./basic/1.in/29.out,2275626,2047,53426,162,31,116,115,1732,684,50401,195,11
./basic/1.in/30.out,2291690,995,53559,159,33,116,109,1747,685,50519,201,11
./basic/2.in/0.out,2317413,4049,88116,183,33,115,122,1713,796,84944,221,11
./basic/2.in/1.out,2353438,3879,87975,183,31,116,119,1700,818,84793,222,12
./basic/2.in/2.out,2335065,4204,87065,179,30,118,117,1692,812,83904,217,12
./basic/2.in/3.out,2382042,3875,88461,182,30,117,119,1704,813,85283,218,12
./basic/2.in/4.out,2341554,3996,89990,217,38,153,148,2013,918,86223,288,14
./basic/2.in/5.out,2307300,2399,86944,184,31,120,125,1678,809,83787,218,11
./basic/2.in/6.out,2322330,2703,88370,182,31,120,120,1698,810,85196,220,11
./basic/2.in/7.out,2409066,3589,88225,194,33,127,133,1713,867,84947,219,13
./basic/2.in/8.out,2341654,5098,88323,181,32,113,125,1701,807,85155,218,11
./basic/2.in/9.out,2364834,3851,87926,178,30,115,121,1705,797,84765,221,11
./basic/2.in/10.out,2346711,4584,88454,185,33,114,120,1705,805,85281,220,11
./basic/2.in/11.out,2365761,4845,87914,177,30,113,123,1676,802,84787,213,11
./basic/2.in/12.out,2337694,4395,87752,178,30,118,121,1680,816,84598,219,10
./basic/2.in/13.out,2305279,2390,88330,181,31,114,119,1709,816,85153,215,11
./basic/2.in/14.out,2358261,3733,88301,180,31,116,123,1683,800,85162,213,11
./basic/2.in/15.out,2347060,5257,87944,184,30,118,119,1719,833,84736,213,11
./basic/2.in/16.out,2337594,4440,87338,192,34,115,118,1751,879,84046,212,11
./basic/2.in/17.out,2359043,3219,87855,179,30,116,119,1695,811,84689,222,11
./basic/2.in/18.out,2337335,4074,87918,182,33,116,120,1713,806,84740,218,11
./basic/2.in/19.out,2343003,4373,88031,180,32,119,118,1718,807,84849,217,11
./basic/2.in/20.out,2336637,4311,88073,180,32,113,121,1705,812,84896,221,12
./basic/2.in/21.out,2313970,2390,87151,185,32,111,120,1710,799,83988,214,12
./basic/2.in/22.out,2382051,3759,87013,181,31,116,118,1716,813,83825,221,12
./basic/2.in/23.out,2298156,3766,88163,186,33,115,120,1686,810,85005,218,10
./basic/2.in/24.out,2318767,3796,88019,195,39,129,118,1686,806,84845,217,11
./basic/2.in/25.out,2348408,4411,88267,182,31,117,119,1706,798,85107,214,11
./basic/2.in/26.out,2356244,4628,87935,184,32,113,118,1693,810,84769,224,12
./basic/2.in/27.out,2332824,4618,86962,183,31,118,125,1724,801,83770,217,11
./basic/2.in/28.out,2308074,2432,88111,182,32,113,120,1694,804,84959,216,11
./basic/2.in/29.out,2307397,2407,88225,179,30,117,121,1713,821,85030,221,11
./basic/2.in/30.out,2340589,3743,87998,180,30,114,121,1666,815,84868,210,11
./basic/3.in/0.out,2423339,28234,125776,393,35,238,122,2035,1053,121715,196,12
./basic/3.in/1.out,2374905,20319,127356,392,36,239,122,2041,1056,123277,206,12
./basic/3.in/2.out,2394404,27020,126155,385,35,235,120,2033,1054,122089,214,13
./basic/3.in/3.out,2370413,21188,126221,386,34,239,121,2056,1058,122131,207,12
./basic/3.in/4.out,2371728,20336,126531,387,33,241,120,2024,1059,122463,211,13
./basic/3.in/5.out,2395651,26982,131930,391,34,242,119,2049,1065,127816,223,12
./basic/3.in/6.out,2387679,21240,127295,387,33,244,121,2027,1069,123228,196,11
./basic/3.in/7.out,2378171,20627,127258,383,35,235,120,2065,1063,123157,212,12
./basic/3.in/8.out,2350602,20792,127117,389,33,243,122,2004,1063,123061,210,13
./basic/3.in/9.out,2387022,19573,127322,392,32,242,119,2059,1049,123229,207,13
./basic/3.in/10.out,2430531,26974,139561,408,36,264,129,2121,1133,135267,213,13
./basic/3.in/11.out,2376916,21672,127593,383,35,236,122,2076,1047,123497,208,12
./basic/3.in/12.out,2414158,28133,127058,388,33,238,120,2043,1051,122987,207,13
./basic/3.in/13.out,2380313,21146,127316,382,31,244,124,2026,1052,123254,209,14
./basic/3.in/14.out,2360567,20503,127457,388,35,240,120,2026,1051,123393,212,13
./basic/3.in/15.out,2375495,20753,138327,387,33,238,129,2053,1066,134216,213,12
./basic/3.in/16.out,2358104,19990,127395,387,35,239,118,2015,1049,123356,208,13
./basic/3.in/17.out,2374967,20477,126340,390,34,235,119,2045,1056,122259,211,13
./basic/3.in/18.out,2369510,20761,127421,389,36,234,123,2034,1061,123348,208,12
./basic/3.in/19.out,2409026,27379,127041,384,33,232,123,2058,1063,122942,215,13
./basic/3.in/20.out,2446022,27506,127469,384,32,241,119,2068,1051,123371,210,13
./basic/3.in/21.out,2393851,27396,127966,381,34,238,119,2066,1045,123889,203,13
./basic/3.in/22.out,2418967,27939,126048,385,32,237,120,2037,1059,121981,203,12
./basic/3.in/23.out,2391687,26716,127278,390,33,241,123,2036,1046,123208,211,12
./basic/3.in/24.out,2409353,27959,126705,393,34,238,121,2017,1051,122660,199,13
./basic/3.in/25.out,2380977,20965,127584,386,33,239,122,2028,1062,123509,215,12
./basic/3.in/26.out,2400625,27456,127644,390,37,235,121,2055,1062,123554,202,12
./basic/3.in/27.out,2354241,21078,127566,389,38,245,122,2067,1045,123468,205,12
./basic/3.in/28.out,2415176,27786,143282,379,34,235,121,2037,1055,139220,210,12
./basic/3.in/29.out,2541903,27809,127573,385,35,237,118,2031,1054,123516,208,12
./basic/3.in/30.out,2396354,26753,126780,380,34,233,122,2053,1054,122706,206,13
./basic/4.in/0.out,2513632,104462,189163,2668,98,1198,265,3787,1973,178708,524,20
./basic/4.in/1.out,2530331,132104,185126,1367,42,495,227,3128,1783,177572,521,19
./basic/4.in/2.out,2550586,131639,184598,1374,43,498,223,3129,1774,177043,525,19
./basic/4.in/3.out,2555318,131147,182455,1366,43,492,222,3132,1782,174912,520,18
./basic/4.in/4.out,2532867,130043,180189,1364,43,502,218,3134,1779,172645,514,19
./basic/4.in/5.out,2538790,128050,177166,1365,40,503,215,3134,1779,169629,511,19
./basic/4.in/6.out,2572365,128588,184028,1363,41,500,213,3107,1760,176532,521,19
./basic/4.in/7.out,2534932,131568,184694,1365,43,494,228,3116,1796,177143,520,21
./basic/4.in/8.out,2520886,100818,184657,1356,40,489,217,3115,1780,177145,521,20
./basic/4.in/9.out,2551115,131087,194290,1381,42,508,218,3127,1803,186700,521,20
./basic/4.in/10.out,2510937,100739,184722,1419,44,526,235,3227,1827,176939,517,19
./basic/4.in/11.out,2559154,129248,182905,1366,42,494,220,3135,1781,175363,512,20
./basic/4.in/12.out,2532959,128809,180069,1370,43,500,219,3124,1784,172529,511,19
./basic/4.in/13.out,2542130,101048,177863,1371,42,498,219,3142,1802,170280,520,19
./basic/4.in/14.out,2507867,101170,179172,1364,46,493,216,3146,1793,171615,514,19
./basic/4.in/15.out,2543383,133009,180562,1373,41,497,214,3130,1788,173017,511,20
./basic/4.in/16.out,2551146,128391,187721,1391,45,499,216,3152,1772,180138,521,19
./basic/4.in/17.out,2549693,130626,185243,1379,42,494,218,3129,1785,177682,523,20
./basic/4.in/18.out,2498670,100325,184640,1384,42,511,220,3129,1787,177062,513,22
./basic/4.in/19.out,2490072,101142,185178,1401,44,501,219,3156,1813,177535,522,20
./basic/4.in/20.out,2508168,101173,185279,1379,43,497,218,3147,1781,177707,519,20
./basic/4.in/21.out,2516663,100254,185357,1392,44,501,218,3157,1798,177735,524,19
./basic/4.in/22.out,2518965,102630,185402,1413,43,498,219,3142,1791,177779,526,20
./basic/4.in/23.out,2539321,132465,183611,1392,40,496,212,3124,1773,176064,517,19
./basic/4.in/24.out,2505013,100582,184184,1399,46,503,222,3182,1798,176524,523,20
./basic/4.in/25.out,2562491,131221,186779,1834,53,640,268,3808,1991,177675,526,18
./basic/4.in/26.out,2541806,129014,185030,1404,45,501,220,3143,1805,177168,757,20
./basic/4.in/27.out,2580893,130604,177450,1383,45,519,224,3227,1863,169673,525,20
./basic/4.in/28.out,2519824,102098,177201,1375,43,502,221,3124,1777,169652,518,19
./basic/4.in/29.out,2521806,129170,180922,1391,45,499,219,3129,1775,173358,519,19
./basic/4.in/30.out,2539344,128676,184881,1352,41,482,224,3112,1772,177385,520,21
./basic/5.in/0.out,2655629,260745,171413,2838,238,1303,298,3959,2352,160031,591,27
./basic/5.in/1.out,2668221,264576,177007,3393,298,1731,384,4719,2507,163635,597,26
./basic/5.in/2.out,2656529,265984,173082,2850,245,1300,295,3961,2345,161697,594,27
./basic/5.in/3.out,2701655,262351,172849,2853,246,1341,315,4090,2361,161233,615,28
./basic/5.in/4.out,2633706,242931,167914,2817,235,1291,303,3963,2333,156579,589,25
./basic/5.in/5.out,2624175,237103,172693,2837,236,1308,309,4109,2338,161160,593,26
./basic/5.in/6.out,2644261,265553,173620,2846,236,1289,297,3966,2352,162231,600,27
./basic/5.in/7.out,2625342,239693,171190,2832,231,1290,292,3937,2348,159872,581,25
./basic/5.in/8.out,2666769,264301,180919,2813,237,1296,298,3943,2349,169525,655,27
./basic/5.in/9.out,2630188,238733,172793,2865,246,1299,294,3982,2343,161378,593,26
./basic/5.in/10.out,2620953,234490,173894,2832,234,1302,296,3974,2371,162494,587,25
./basic/5.in/11.out,2656323,262239,177623,2846,232,1288,305,3963,2364,166224,593,27
./basic/5.in/12.out,2632370,243822,172923,2859,238,1306,294,3971,2381,161483,590,27
./basic/5.in/13.out,2657853,266088,171062,2858,237,1302,296,3965,2330,159687,586,26
./basic/5.in/14.out,2669917,264728,196542,2929,291,3680,839,24040,2564,161855,595,26
./basic/5.in/15.out,2642502,266372,172667,2845,238,1296,296,3971,2379,161250,592,27
./basic/5.in/16.out,2668309,265306,173003,2863,242,1294,298,3987,2339,161587,595,27
./basic/5.in/17.out,2668814,264875,168894,2819,235,1347,319,3960,2336,157485,588,25
./basic/5.in/18.out,2648644,265610,173129,2911,246,1300,298,3964,2353,161670,594,26
./basic/5.in/19.out,2640097,266411,172418,2855,236,1306,298,3956,2343,161031,589,26
./basic/5.in/20.out,2647914,264258,167085,2869,240,1294,307,3961,2365,155665,584,27
./basic/5.in/21.out,2637264,252608,173945,2839,241,1292,297,3963,2341,162585,589,26
./basic/5.in/22.out,2648891,265994,172686,2863,234,1300,295,3958,2347,161301,584,26
./basic/5.in/23.out,2639121,241583,168000,2857,237,1296,293,3972,2358,156600,585,26
./basic/5.in/24.out,2621690,234947,173024,2858,235,1305,296,3967,2368,161599,590,27
./basic/5.in/25.out,2614537,235648,168889,2837,237,1286,300,3952,2336,157549,591,26
./basic/5.in/26.out,2645331,261819,173903,2818,230,1294,302,3951,2355,162557,586,26
./basic/5.in/27.out,2626485,238518,173830,2824,240,1288,298,3958,2351,162488,584,26
./basic/5.in/28.out,2629606,237422,169155,2830,232,1306,302,3964,2357,157778,581,25
./basic/5.in/29.out,2670177,265349,172743,2819,237,1296,304,3962,2349,161379,597,26
./basic/5.in/30.out,2642344,242296,172710,2845,234,1309,299,3962,2352,161313,591,26
./basic/6.in/0.out,5760737,2940155,427259,11294,271,1550,590,12527,9411,389954,1804,116
./basic/6.in/1.out,5746187,2929798,425663,11220,265,1570,588,12285,9390,388682,1801,115
./basic/6.in/2.out,5743850,2930728,421800,11372,272,1559,596,12257,9386,384696,1809,114
./basic/6.in/3.out,5754529,2945198,429634,11306,268,1557,595,12275,9401,392567,1807,114
./basic/6.in/4.out,5758425,2952320,428129,11280,278,1558,599,12276,9392,391084,1815,114
./basic/6.in/5.out,5731683,2921362,425833,11143,265,1559,587,12252,9413,388953,1801,113
./basic/6.in/6.out,5837791,2945528,431084,14170,271,1561,597,12307,9409,391103,1807,115
./basic/6.in/7.out,5753738,2931127,427483,12236,332,2004,636,13519,9492,387658,1810,115
./basic/6.in/8.out,5699062,2897957,424271,11244,274,1556,591,12262,9394,387284,1814,114
./basic/6.in/9.out,5725849,2937270,421313,11273,271,1544,587,12244,9402,384336,1800,114
./basic/6.in/10.out,5751651,2946642,431272,11346,271,1573,592,12243,9398,394181,1812,114
./basic/6.in/11.out,5751819,2923357,426489,11302,266,1548,597,12242,9397,389462,1814,115
./basic/6.in/12.out,5743342,2938206,422837,11288,267,1542,592,12259,9414,385812,1803,114
./basic/6.in/13.out,5751135,2940859,427953,11329,274,1557,593,12270,9399,390858,1820,114
./basic/6.in/14.out,5711885,2927009,429962,11211,267,1554,595,12256,9406,393009,1803,116
./basic/6.in/15.out,5777326,2946329,426153,11343,278,1556,606,12273,9406,389031,1812,115
./basic/6.in/16.out,5727886,2934884,424212,11224,269,1560,595,12274,9391,387229,1811,116
./basic/6.in/17.out,5810852,2996966,428083,11337,278,1583,592,12234,9411,390990,1809,115
./basic/6.in/18.out,5793836,2970409,423553,11215,267,1565,588,12252,9406,386594,1807,115
./basic/6.in/19.out,5774942,2947013,429897,11289,278,1546,589,12257,9405,392871,1813,115
./basic/6.in/20.out,5743561,2948706,428636,11276,271,1558,596,12233,9432,391601,1813,116
./basic/6.in/21.out,5757912,2949734,426946,12285,340,2025,637,13532,9506,387023,1809,114
./basic/6.in/22.out,5744066,2945817,424651,11327,272,1584,599,12275,9432,387494,1813,114
./basic/6.in/23.out,5755275,2953146,428462,11234,272,1559,590,12272,9410,391464,1805,113
./basic/6.in/24.out,5758434,2951382,426059,11330,274,1553,591,12260,9401,388979,1818,114
./basic/6.in/25.out,5745044,2937342,422204,11219,269,1553,595,12266,9406,385221,1818,114
./basic/6.in/26.out,5762897,2939598,429708,11288,269,1569,584,12274,9406,392655,1803,115
./basic/6.in/27.out,5691202,2915998,427970,11197,268,1546,591,12254,9406,391038,1811,115
./basic/6.in/28.out,5746138,2931554,426430,11396,267,1566,592,12276,9405,389261,1806,115
./basic/6.in/29.out,5685329,2879980,425738,11327,273,1556,587,12252,9407,388677,1804,114
./basic/6.in/30.out,5678592,2884376,427955,11622,284,1578,594,12286,9390,390551,1805,114
./basic/7.in/0.out,20049680,15448548,1391401,47440,492,2690,1998,44884,47260,1238593,8030,492
./basic/7.in/1.out,20179451,15549517,1392464,47936,492,2708,1998,44921,47273,1239089,8033,494
./basic/7.in/2.out,21679941,16942508,1433788,85784,597,2732,2003,44989,47273,1242466,8035,492
./basic/7.in/3.out,20237128,15598474,1391581,47624,474,2707,1999,44897,47249,1238590,8009,493
./basic/7.in/4.out,20446194,15804045,1393941,49762,474,2809,1994,44887,47288,1238691,8003,493
./basic/7.in/5.out,20195934,15564529,1391991,47747,475,2691,1991,44912,47265,1238864,8015,492
./basic/7.in/6.out,20154316,15533243,1406566,47297,487,2701,1991,60313,47267,1238480,8011,493
./basic/7.in/7.out,20187831,15574217,1392754,47793,474,2707,1987,44879,47290,1239594,7999,493
./basic/7.in/8.out,20161569,15540669,1390464,47956,486,2695,2006,44825,47269,1237198,8010,493
./basic/7.in/9.out,20060323,15457787,1391411,47896,490,2711,2000,44863,47254,1238145,8036,493
./basic/7.in/10.out,20182222,15541237,1394961,47900,471,2692,1989,44889,47228,1241732,8024,494
./basic/7.in/11.out,20056972,15465477,1392031,47347,487,2691,1997,44876,47235,1239359,8021,493
./basic/7.in/12.out,20145146,15527779,1392345,48030,478,2703,1998,44906,47306,1238869,8027,493
./basic/7.in/13.out,20139296,15505550,1413192,48653,1601,6730,17741,45995,47275,1238268,8022,492
./basic/7.in/14.out,20172522,15550270,1390887,47777,486,2678,2001,44863,47256,1237784,8023,493
./basic/7.in/15.out,20194654,15518227,1392839,47868,496,2749,1993,44944,47304,1239437,8036,494
./basic/7.in/16.out,20170557,15483248,1389917,47319,477,2709,2002,44911,47235,1237248,7987,493
./basic/7.in/17.out,20122283,15494369,1395835,48107,475,2705,1993,44896,47246,1242357,8026,492
./basic/7.in/18.out,20057624,15435933,1391586,47322,470,2701,1995,44901,47250,1238898,8013,493
./basic/7.in/19.out,20147860,15523535,1391981,47790,489,2698,1999,44871,47272,1238826,8019,493
./basic/7.in/20.out,20108952,15466136,1397893,51764,564,3351,2066,45697,47251,1239225,8032,492
./basic/7.in/21.out,20034865,15431422,1391719,47398,480,2700,2003,44853,47236,1239005,8019,492
./basic/7.in/22.out,20036014,15418518,1391778,47361,472,2704,1995,44905,47254,1239027,8026,493
./basic/7.in/23.out,20031379,15432034,1390386,47442,473,2708,1985,44872,47248,1237599,8028,492
./basic/7.in/24.out,20051490,15442292,1396842,51354,572,3355,2062,45713,47271,1238567,8015,492
./basic/7.in/25.out,20026600,15422835,1391704,47407,478,2700,1990,44869,47258,1238960,8015,492
./basic/7.in/26.out,20115270,15504780,1391173,47880,478,2704,1992,44895,47247,1237923,8027,493
./basic/7.in/27.out,20079416,15457609,1401478,47193,482,2693,1995,44942,47275,1248847,8028,492
./basic/7.in/28.out,20077045,15488259,1394522,47879,482,2684,1998,44918,47251,1241261,8022,493
./basic/7.in/29.out,20227052,15632265,1392152,47749,480,2714,1986,44909,47245,1239016,8027,492
./basic/7.in/30.out,20146337,15545686,1394279,47911,488,2692,1992,44882,47280,1240996,8021,492
./funclen/1.in/0.out,2614264,344158,48335,3254,235,1286,295,3390,836,37905,1324,33
./funclen/1.in/1.out,2583098,323302,48355,3277,237,1289,301,3406,835,37872,1329,34
./funclen/1.in/2.out,2622372,325980,48340,3285,238,1289,303,3393,832,37863,1328,34
./funclen/1.in/3.out,2611183,340334,47348,3287,247,1288,298,3389,846,36864,1332,34
./funclen/1.in/4.out,2595133,321319,47360,3279,240,1291,296,3389,846,36866,1346,34
./funclen/1.in/5.out,2615844,324537,47376,3291,237,1293,307,3395,853,36854,1339,33
./funclen/1.in/6.out,2601323,332794,47338,3244,233,1298,300,3385,831,36905,1329,34
./funclen/1.in/7.out,2597599,324763,48436,3295,251,1305,300,3413,848,37888,1342,33
./funclen/1.in/8.out,2606588,326212,47404,3267,234,1292,305,3441,846,36884,1323,34
./funclen/1.in/9.out,2618265,322992,48404,3310,235,1291,304,3394,850,37878,1332,34
./funclen/1.in/10.out,2597994,323544,48408,3278,237,1301,299,3412,866,37880,1325,34
./funclen/1.in/11.out,2592095,323506,48368,3284,238,1288,301,3407,834,37870,1339,33
./funclen/1.in/12.out,2573302,295927,48363,3252,235,1298,302,3393,838,37899,1335,34
./funclen/1.in/13.out,2592574,321552,48400,3252,236,1300,301,3385,835,37951,1327,35
./funclen/1.in/14.out,2602360,326516,47367,3237,238,1308,302,3404,837,36900,1332,34
./funclen/1.in/15.out,2568125,297386,47431,3272,248,1300,304,3422,845,36906,1337,34
./funclen/1.in/16.out,2619017,341069,47374,3260,239,1300,299,3411,853,36882,1323,33
./funclen/1.in/17.out,2562468,295021,47629,3328,243,1351,309,3493,835,36929,1336,34
./funclen/1.in/18.out,2566093,295110,47368,3270,241,1295,297,3399,849,36883,1330,33
./funclen/1.in/19.out,2567379,309649,48257,3222,238,1289,302,3376,840,37857,1325,35
./funclen/1.in/20.out,2609356,327898,47306,3217,234,1289,304,3418,844,36855,1332,34
./funclen/1.in/21.out,2575908,326304,47258,3217,235,1294,294,3372,841,36876,1319,34
./funclen/1.in/22.out,2560951,298930,48342,3229,246,1297,302,3400,847,37887,1334,34
./funclen/1.in/23.out,2619965,342446,47318,3244,239,1288,300,3429,844,36843,1326,33
./funclen/1.in/24.out,2560096,297961,47344,3248,237,1294,302,3385,835,36894,1340,34
./funclen/1.in/25.out,2569267,295682,47392,3261,240,1290,295,3394,843,36936,1327,34
./funclen/1.in/26.out,2571196,301329,48349,3244,233,1295,296,3409,840,37896,1323,33
./funclen/1.in/27.out,2598360,333965,48381,3260,247,1295,308,3399,845,37910,1319,33
./funclen/1.in/28.out,2594914,322285,47341,3235,242,1292,294,3406,847,36904,1317,35
./funclen/1.in/29.out,2596108,324447,47299,3210,234,1293,296,3407,843,36873,1331,34
./funclen/1.in/30.out,2612035,324408,47279,3200,239,1283,294,3397,847,36876,1333,35
./funclen/2.in/0.out,2522563,247404,43082,3062,193,952,379,3652,1046,33546,404,28
./funclen/2.in/1.out,2491927,246886,39839,2592,158,728,296,2949,935,31906,395,26
./funclen/2.in/2.out,2510970,255125,39767,2594,154,726,301,2965,931,31824,389,26
./funclen/2.in/3.out,2507639,246303,39776,2569,150,728,301,2967,927,31854,393,25
./funclen/2.in/4.out,2471556,220786,40808,2584,154,730,293,2966,924,32880,390,29
./funclen/2.in/5.out,2473373,217799,40856,2654,159,725,295,2965,933,32858,390,25
./funclen/2.in/6.out,2489023,218909,40752,2559,154,724,294,2974,938,32837,389,26
./funclen/2.in/7.out,2514670,238737,39844,2600,166,723,303,2965,928,31896,392,25
./funclen/2.in/8.out,2474725,220535,40795,2579,157,717,302,2962,932,32875,390,27
./funclen/2.in/9.out,2542935,234191,43180,5211,177,774,336,3258,1040,32112,406,27
./funclen/2.in/10.out,2529923,249311,40751,2546,148,731,306,2954,918,32865,393,25
./funclen/2.in/11.out,2488645,218821,39744,2595,150,729,293,2945,933,31820,391,26
./funclen/2.in/12.out,2484564,219294,39780,2605,152,729,297,2976,934,31810,390,26
./funclen/2.in/13.out,2526139,248140,40845,2605,152,730,296,2977,916,32893,390,26
./funclen/2.in/14.out,2508730,251687,39791,2605,154,725,295,2957,932,31847,392,25
./funclen/2.in/15.out,2514302,250053,40837,2602,153,729,293,2958,950,32879,389,25
./funclen/2.in/16.out,2490584,248061,40764,2571,151,732,294,2971,924,32845,389,26
./funclen/2.in/17.out,2499727,249484,40828,2602,156,732,297,2966,937,32863,392,26
./funclen/2.in/18.out,2513149,248085,40729,2582,155,720,299,2969,928,32803,392,26
./funclen/2.in/19.out,2506117,247929,39866,2607,154,732,295,2950,927,31921,398,26
./funclen/2.in/20.out,2503140,244895,39822,2592,158,728,297,2965,947,31863,393,26
./funclen/2.in/21.out,2543983,265325,40802,2594,155,728,295,2993,933,32831,391,26
./funclen/2.in/22.out,2489498,248757,39831,2593,155,730,298,2968,936,31881,387,26
./funclen/2.in/23.out,2547264,268243,39829,2609,154,733,297,2963,928,31870,391,26
./funclen/2.in/24.out,2497103,221392,39783,2639,153,734,291,2959,921,31813,389,25
./funclen/2.in/25.out,2531010,267759,39820,2593,155,730,297,2972,930,31872,389,26
./funclen/2.in/26.out,2467640,218666,40780,2582,155,726,294,2945,937,32872,387,25
./funclen/2.in/27.out,2538494,269019,40855,2597,149,733,296,2979,936,32887,390,26
./funclen/2.in/28.out,2520980,244755,40801,2590,150,717,303,2961,934,32867,391,26
./funclen/2.in/29.out,2517090,266246,39815,2589,162,725,295,2985,927,31866,392,25
./funclen/2.in/30.out,2474124,221665,39702,2579,152,725,296,2958,928,31790,389,26
./funclen/3.in/0.out,2493575,222173,36299,2242,153,797,305,2971,880,28706,362,23
./funclen/3.in/1.out,2456984,189394,36274,2251,162,797,291,2977,884,28674,363,24
./funclen/3.in/2.out,2444078,191901,35287,2269,157,793,298,2990,869,27667,368,22
./funclen/3.in/3.out,2483571,219212,35659,2303,161,855,312,3126,899,27763,366,24
./funclen/3.in/4.out,2461821,189938,36677,2683,152,791,293,2964,871,28670,367,24
./funclen/3.in/5.out,2462089,192705,36438,2318,159,834,296,2982,876,28723,372,24
./funclen/3.in/6.out,2480332,219591,35297,2256,157,804,297,2993,883,27665,366,23
./funclen/3.in/7.out,2472108,219735,35494,2302,166,792,328,3095,883,27696,364,24
./funclen/3.in/8.out,2481674,217797,35324,2253,158,798,295,2997,874,27703,370,24
./funclen/3.in/9.out,2448042,191525,35356,2248,154,806,295,3002,891,27713,367,22
./funclen/3.in/10.out,2464557,208032,35308,2248,152,807,299,2990,872,27691,365,25
./funclen/3.in/11.out,2444492,189998,35271,2247,155,802,293,2978,868,27682,367,23
./funclen/3.in/12.out,2464058,191086,35364,2246,153,824,305,3000,873,27715,368,22
./funclen/3.in/13.out,2457535,208381,35363,2265,156,808,295,2999,863,27738,361,22
./funclen/3.in/14.out,2447004,193244,36454,2272,171,799,298,3099,888,28693,367,25
./funclen/3.in/15.out,2441273,191938,35342,2236,156,795,296,3014,885,27713,368,23
./funclen/3.in/16.out,2499162,220529,35290,2220,153,800,295,2987,865,27725,362,23
./funclen/3.in/17.out,2459044,191100,35278,2251,156,792,301,2984,886,27666,364,22
./funclen/3.in/18.out,2480919,217914,37604,2628,190,1070,376,3713,986,28343,448,26
./funclen/3.in/19.out,2446632,192189,35318,2238,157,798,297,2985,880,27725,362,22
./funclen/3.in/20.out,2475850,218217,35401,2251,163,809,301,3052,867,27722,366,22
./funclen/3.in/21.out,2446784,191667,35314,2238,151,807,297,2984,864,27720,368,23
./funclen/3.in/22.out,2477363,219267,36300,2244,160,801,299,2980,876,28702,364,23
./funclen/3.in/23.out,2448815,192982,36364,2263,164,797,298,3001,865,28746,359,23
./funclen/3.in/24.out,2459574,195024,35318,2264,154,801,294,2987,871,27704,362,23
./funclen/3.in/25.out,2491239,225313,35388,2247,156,829,306,3032,890,27685,365,23
./funclen/3.in/26.out,2449760,194356,35312,2255,154,797,292,2969,874,27727,363,23
./funclen/3.in/27.out,2495744,220094,35300,2255,159,805,297,2979,870,27692,367,23
./funclen/3.in/28.out,2468874,192129,35332,2276,157,807,302,2980,877,27692,363,23
./funclen/3.in/29.out,2467695,192599,35285,2275,163,790,293,2974,876,27678,364,23
./funclen/3.in/30.out,2471492,218529,36381,2271,163,797,302,2981,867,28762,366,23
./funclen/4.in/0.out,2468105,211381,41311,1988,162,556,216,2933,950,34019,616,22
./funclen/4.in/1.out,2443120,187514,41237,1968,153,550,220,2930,935,33975,625,21
./funclen/4.in/2.out,2458744,190350,41268,1997,163,552,220,2922,923,34009,612,22
./funclen/4.in/3.out,2445210,187365,41134,1969,158,556,214,2899,928,33924,612,21
./funclen/4.in/4.out,2450281,187846,41227,1968,154,557,218,2910,948,33976,617,21
./funclen/4.in/5.out,2434546,187551,41211,1966,156,552,218,2921,943,33952,623,23
./funclen/4.in/6.out,2424300,158588,41202,1960,153,552,219,2905,949,33973,613,21
./funclen/4.in/7.out,2430392,157136,40221,1966,161,559,220,2923,943,32960,617,21
./funclen/4.in/8.out,2437776,188106,41139,1966,157,558,216,2899,925,33928,613,22
./funclen/4.in/9.out,2417874,159071,41246,1954,156,548,224,2920,952,33991,623,22
./funclen/4.in/10.out,2439019,183929,40140,1956,155,548,220,2917,933,32913,618,23
./funclen/4.in/11.out,2405817,158778,41250,1974,159,557,225,2936,927,33955,642,23
./funclen/4.in/12.out,2472357,158766,41244,1979,157,551,224,2934,941,33966,613,23
./funclen/4.in/13.out,2436276,159618,41146,1962,150,553,218,2904,938,33929,609,21
./funclen/4.in/14.out,2413705,156418,43335,2288,209,728,277,3655,1056,34518,776,24
./funclen/4.in/15.out,2406184,161707,40098,1965,158,565,218,2912,928,32858,619,22
./funclen/4.in/16.out,2424493,156694,40211,1969,161,552,219,2912,929,32980,617,21
./funclen/4.in/17.out,2428792,159751,44775,1961,155,653,217,7268,992,33030,620,21
./funclen/4.in/18.out,2468815,187421,41292,1965,158,550,220,2910,955,34043,615,22
./funclen/4.in/19.out,2426975,160566,41243,1979,165,556,218,2903,942,33992,620,21
./funclen/4.in/20.out,2439595,188100,41263,1993,160,546,222,2921,948,33986,615,21
./funclen/4.in/21.out,2414771,157894,40141,1965,160,559,218,2896,947,32919,606,21
./funclen/4.in/22.out,2440307,174572,40240,1980,159,558,218,2899,930,33001,621,21
./funclen/4.in/23.out,2408899,160050,41183,1959,159,553,218,2926,930,33945,620,22
./funclen/4.in/24.out,2420679,159318,41358,1990,161,569,220,2976,964,33993,613,21
./funclen/4.in/25.out,2416388,159128,40177,1957,156,546,227,2921,925,32949,618,23
./funclen/4.in/26.out,2421955,157817,40237,1972,162,555,219,2998,931,32913,615,21
./funclen/4.in/27.out,2495162,208323,41384,1972,166,553,222,3000,948,34039,616,22
./funclen/4.in/28.out,2402140,160472,41208,1953,155,566,215,2951,932,33942,614,22
./funclen/4.in/29.out,2440627,175293,41296,1972,155,548,218,2946,934,34021,623,22
./funclen/4.in/30.out,2404287,158652,41168,1959,157,554,219,2919,953,33925,606,22
./funclen/5.in/0.out,2436764,168677,44737,1868,162,554,218,2574,901,37970,619,21
./funclen/5.in/1.out,2454618,168320,44616,1923,169,558,219,2565,895,37804,618,22
./funclen/5.in/2.out,2456626,171339,44728,1880,155,558,217,2580,901,37939,617,23
./funclen/5.in/3.out,2424304,169224,44581,1849,153,559,215,2545,898,37869,613,21
./funclen/5.in/4.out,2404549,139928,44633,1867,160,549,217,2560,909,37881,618,21
./funclen/5.in/5.out,2416094,140349,44561,1872,160,566,222,2547,915,37779,625,22
./funclen/5.in/6.out,2427284,170370,43597,1904,162,548,224,2573,898,36800,617,21
./funclen/5.in/7.out,2408159,141526,44900,1876,162,557,216,2637,896,38045,639,21
./funclen/5.in/8.out,2458716,171012,43605,1881,159,559,224,2566,899,36827,615,22
./funclen/5.in/9.out,2422234,169409,44526,1856,161,550,225,2554,902,37793,613,21
./funclen/5.in/10.out,2402645,141176,43580,1857,160,552,213,2565,909,36836,615,21
./funclen/5.in/11.out,2417517,167783,44660,1873,160,551,219,2572,914,37878,620,21
./funclen/5.in/12.out,2419778,142405,44703,1910,158,548,216,2553,898,37929,616,22
./funclen/5.in/13.out,2443279,170654,44648,1874,154,559,218,2549,904,37893,617,22
./funclen/5.in/14.out,2405548,141744,44625,1856,157,558,218,2561,904,37873,621,22
./funclen/5.in/15.out,2446167,168897,44638,1872,160,553,219,2559,902,37883,616,22
./funclen/5.in/16.out,2404754,141348,44628,1855,154,553,216,2560,908,37893,609,22
./funclen/5.in/17.out,2437057,169747,44610,1876,157,565,217,2571,911,37815,622,22
./funclen/5.in/18.out,2435697,169193,44602,1861,165,559,215,2568,906,37848,612,21
./funclen/5.in/19.out,2436680,173555,44576,1865,161,555,214,2549,899,37846,614,22
./funclen/5.in/20.out,2451660,173133,44616,1865,153,549,217,2624,904,37807,618,21
./funclen/5.in/21.out,2432573,168532,44857,1872,167,554,219,2560,1075,37925,618,21
./funclen/5.in/22.out,2437070,169097,44587,1876,159,552,220,2564,909,37819,613,22
./funclen/5.in/23.out,2433035,170413,43659,1854,159,552,213,2594,917,36876,620,21
./funclen/5.in/24.out,2410517,141716,44642,1859,163,558,218,2575,908,37868,621,23
./funclen/5.in/25.out,2440873,171139,44589,1875,157,550,216,2560,915,37826,614,22
./funclen/5.in/26.out,2411095,142165,44642,1838,156,562,214,2559,903,37914,617,22
./funclen/5.in/27.out,2430001,167799,44652,1938,158,550,229,2572,903,37810,612,25
./funclen/5.in/28.out,2423692,167691,43581,1868,155,550,224,2563,889,36840,613,23
./funclen/5.in/29.out,2442205,171343,44605,1868,158,557,217,2560,905,37843,621,22
./funclen/5.in/30.out,2453535,167290,43479,1869,166,551,216,2567,898,36726,619,21
./funclen/6.in/0.out,2429095,130875,70251,1381,40,488,221,2315,850,64372,591,21
./funclen/6.in/1.out,2449370,129690,69092,1385,42,488,226,2316,853,63202,591,20
./funclen/6.in/2.out,2404436,103559,69091,1358,39,489,218,2311,850,63244,589,21
./funclen/6.in/3.out,2407587,103468,70083,1383,40,495,213,2313,852,64203,594,19
./funclen/6.in/4.out,2418966,129019,70109,1363,40,492,221,2320,857,64228,596,19
./funclen/6.in/5.out,2424501,133313,70266,1395,43,493,220,2329,849,64351,598,19
./funclen/6.in/6.out,2417600,134705,70115,1367,39,485,220,2306,850,64262,594,20
./funclen/6.in/7.out,2419237,132338,70185,1376,41,496,211,2322,863,64210,677,20
./funclen/6.in/8.out,2414151,131324,70148,1377,41,495,219,2313,853,64194,667,19
./funclen/6.in/9.out,2422686,132748,69941,1380,39,496,212,2331,845,64049,594,22
./funclen/6.in/10.out,2428851,129159,70078,1367,41,486,217,2329,842,64215,592,19
./funclen/6.in/11.out,2400785,102215,70124,1373,40,490,218,2304,851,64265,592,19
./funclen/6.in/12.out,2424293,134111,70020,1399,41,497,211,2323,858,64109,592,19
./funclen/6.in/13.out,2420236,130912,70014,1354,40,493,218,2313,856,64156,592,19
./funclen/6.in/14.out,2427626,133284,70169,1366,40,499,220,2331,856,64272,594,21
./funclen/6.in/15.out,2415903,102902,69918,1362,39,493,218,2333,842,64046,593,19
./funclen/6.in/16.out,2380859,101763,70161,1381,42,490,213,2323,855,64272,595,21
./funclen/6.in/17.out,2424142,133748,70262,1381,41,493,221,2307,856,64375,599,19
./funclen/6.in/18.out,2388044,103825,70030,1380,42,489,210,2338,859,64134,589,20
./funclen/6.in/19.out,2440071,133057,70158,1373,41,499,216,2320,853,64263,602,20
./funclen/6.in/20.out,2383684,102169,69083,1378,40,495,218,2305,848,63210,597,19
./funclen/6.in/21.out,2431034,132003,70248,1380,41,490,210,2333,853,64354,595,20
./funclen/6.in/22.out,2391254,103934,69163,1367,41,497,215,2321,860,63273,599,19
./funclen/6.in/23.out,2433278,131925,69215,1387,40,491,220,2330,866,63297,592,20
./funclen/6.in/24.out,2393663,102100,69222,1377,40,485,212,2338,848,63250,678,19
./funclen/6.in/25.out,2429776,130552,70300,1389,43,499,213,2306,871,64400,590,20
./funclen/6.in/26.out,2403421,102956,70215,1370,40,496,222,2341,875,64283,597,19
./funclen/6.in/27.out,2442812,129150,70303,1391,41,496,226,2322,857,64385,595,20
./funclen/6.in/28.out,2423012,130128,70344,1371,39,489,214,2325,854,64391,668,20
./funclen/6.in/29.out,2451519,132635,70063,1375,41,495,212,2306,863,64191,589,20
./funclen/6.in/30.out,2395400,102841,69069,1377,38,499,214,2304,853,63200,590,20
./funclen/7.in/0.out,2531804,134194,108507,1358,43,499,223,2305,847,101823,1422,19
./funclen/7.in/1.out,2607712,130613,108673,1401,42,519,216,2367,864,101815,1457,21
./funclen/7.in/2.out,2558198,138879,110853,1346,41,482,215,2290,849,103569,2071,19
./funclen/7.in/3.out,2452713,99357,108373,1338,46,499,217,2308,851,101728,1402,19
./funclen/7.in/4.out,2454456,124510,108329,1344,43,499,215,2317,857,101647,1418,20
./funclen/7.in/5.out,2443015,128563,108267,1359,41,497,225,2307,837,101594,1418,19
./funclen/7.in/6.out,2472974,130781,108321,1362,43,500,216,2323,856,101605,1427,19
./funclen/7.in/7.out,2451334,128866,108521,1340,40,489,222,2321,843,101835,1439,20
./funclen/7.in/8.out,2469105,126410,110895,1557,50,653,272,2865,959,102916,1637,21
./funclen/7.in/9.out,2448542,128431,108437,1351,44,489,220,2388,846,101708,1405,18
./funclen/7.in/10.out,2472310,128622,108330,1346,44,497,214,2307,848,101663,1423,20
./funclen/7.in/11.out,2467659,127550,108381,1347,44,526,224,2314,861,101646,1431,19
./funclen/7.in/12.out,2449323,126666,108342,1343,40,495,217,2325,844,101666,1420,19
./funclen/7.in/13.out,2461083,128351,108310,1351,39,491,211,2315,844,101653,1414,20
./funclen/7.in/14.out,2471439,126771,108326,1341,40,496,220,2330,842,101656,1410,19
./funclen/7.in/15.out,2464206,130021,108447,1348,40,503,215,2331,1007,101594,1412,25
./funclen/7.in/16.out,2456279,126273,108476,1344,41,503,213,2321,844,101808,1410,21
./funclen/7.in/17.out,2480174,127939,108507,1362,41,502,209,2327,842,101804,1431,20
./funclen/7.in/18.out,2456069,129596,108327,1348,40,494,226,2290,836,101696,1408,19
./funclen/7.in/19.out,2456055,127918,107555,1341,41,488,218,2316,843,100905,1415,18
./funclen/7.in/20.out,2455482,128488,108554,1349,38,488,225,2316,837,101899,1406,21
./funclen/7.in/21.out,2458670,128083,108325,1350,41,487,228,2296,841,101671,1421,18
./funclen/7.in/22.out,2420526,99630,107264,1335,39,495,217,2320,856,100598,1411,20
./funclen/7.in/23.out,2464693,124074,108809,1700,43,713,220,2299,851,101576,1418,21
./funclen/7.in/24.out,2453849,131813,108274,1343,41,492,219,2319,836,101623,1411,19
./funclen/7.in/25.out,2474798,129633,108319,1345,41,492,217,2314,835,101668,1417,19
./funclen/7.in/26.out,2449074,129352,108166,1357,40,501,217,2315,850,101495,1400,19
./funclen/7.in/27.out,2467792,126787,107235,1350,41,496,208,2316,840,100587,1408,19
./funclen/7.in/28.out,2433182,100159,108580,1354,40,501,214,2318,849,101912,1400,20
./funclen/7.in/29.out,2448463,129113,108264,1347,41,488,223,2307,844,101610,1412,20
./funclen/7.in/30.out,2451408,125628,108262,1345,43,497,219,2317,838,101608,1407,19
./funclen/8.in/0.out,2593435,143799,224525,1509,40,578,296,2585,896,218027,602,19
./funclen/8.in/1.out,2548388,115214,219678,1521,43,582,290,2605,890,213157,599,21
./funclen/8.in/2.out,2599968,148396,231951,1522,41,583,292,2596,903,225339,665,21
./funclen/8.in/3.out,2575882,145943,225269,1502,46,572,291,2625,890,218757,599,20
./funclen/8.in/4.out,2545637,115489,221042,1492,41,569,303,2602,896,214546,601,20
./funclen/8.in/5.out,2547516,115023,218669,1499,41,588,292,2601,898,212148,611,21
./funclen/8.in/6.out,2587153,141783,230777,1510,43,588,292,2600,894,224248,612,20
./funclen/8.in/7.out,2560429,116119,228377,1488,40,580,291,2619,890,221868,606,22
./funclen/8.in/8.out,2580889,147453,218469,1516,41,578,293,2596,893,211957,602,20
./funclen/8.in/9.out,2559872,116258,230740,1503,41,585,296,3096,888,223731,607,21
./funclen/8.in/10.out,2574214,116835,231669,1517,40,587,301,2605,901,225109,613,21
./funclen/8.in/11.out,2588355,141752,222100,1544,40,588,296,2598,893,215548,600,21
./funclen/8.in/12.out,2596431,144907,229647,1515,42,576,303,2593,906,223108,611,22
./funclen/8.in/13.out,2555522,116460,228449,1500,42,589,297,2584,903,221941,602,20
./funclen/8.in/14.out,2545991,114915,223744,1498,41,582,294,2601,899,217237,600,19
./funclen/8.in/15.out,2556998,114941,223332,1514,44,585,305,2592,881,215326,2092,22
./funclen/8.in/16.out,2605057,143163,230878,1519,43,575,298,2915,904,224024,608,21
./funclen/8.in/17.out,2555931,116853,227544,1511,43,578,293,2601,894,221036,597,22
./funclen/8.in/18.out,2574018,146584,218183,1512,40,588,292,2592,901,211657,609,19
./funclen/8.in/19.out,2583598,147133,230560,1505,41,760,306,2605,893,223847,610,21
./funclen/8.in/20.out,2590617,144726,225909,1524,42,579,300,2619,890,219357,607,20
./funclen/8.in/21.out,2591122,146479,221146,1570,40,590,293,2590,903,214556,611,20
./funclen/8.in/22.out,2600645,146801,230789,1530,41,585,299,2610,892,224219,621,21
./funclen/8.in/23.out,2585448,143256,222111,1513,42,578,297,2607,887,215591,603,22
./funclen/8.in/24.out,2594584,145026,230010,1524,44,574,291,2594,899,223488,606,21
./funclen/8.in/25.out,2544124,116046,230210,1506,41,579,293,2593,896,223693,614,21
./funclen/8.in/26.out,2588174,146242,223824,1531,40,589,294,2608,891,217272,605,21
./funclen/8.in/27.out,2530777,116126,220270,1517,40,580,304,2598,891,213735,611,20
./funclen/8.in/28.out,2603297,144267,229917,1521,41,586,298,2609,894,223361,613,21
./funclen/8.in/29.out,2583948,143540,224507,1527,42,577,304,2611,891,217964,599,22
./funclen/8.in/30.out,2597514,114973,230460,1512,42,583,295,2588,882,223927,640,20
./shape/1.in/0.out,2940164,668198,54939,5249,318,1382,329,4309,1004,41903,704,46
./shape/1.in/1.out,2931775,664010,55780,5210,330,1346,322,4278,993,42870,702,47
./shape/1.in/2.out,2950304,663316,55333,5668,334,1350,328,4282,1003,41940,704,46
./shape/1.in/3.out,2935896,666961,55205,5606,333,1344,324,4289,983,41899,702,45
./shape/1.in/4.out,2966228,672163,55919,5278,330,1340,324,4302,989,42928,699,46
./shape/1.in/5.out,2955522,664086,56237,5623,328,1340,325,4295,1012,42881,703,47
./shape/1.in/6.out,2929855,664181,54908,5266,325,1344,331,4298,998,41911,703,46
./shape/1.in/7.out,2953300,656947,55837,5225,325,1344,323,4298,992,42896,700,46
./shape/1.in/8.out,2915749,638653,55265,5621,322,1343,326,4297,1000,41918,701,46
./shape/1.in/9.out,2912010,632487,55794,5218,328,1348,325,4258,992,42889,706,45
./shape/1.in/10.out,2969920,691710,56378,5710,325,1346,329,4298,998,42934,705,46
./shape/1.in/11.out,2936929,661625,56287,5635,328,1342,323,4309,1007,42911,700,47
./shape/1.in/12.out,2943547,662199,54879,5266,326,1342,342,4271,994,41903,703,45
./shape/1.in/13.out,2936172,660109,55405,4806,330,1333,330,4288,993,42890,707,46
./shape/1.in/14.out,2913957,640805,55183,5561,315,1352,323,4271,1004,41912,701,46
./shape/1.in/15.out,2900390,633571,55174,5540,317,1334,331,4304,991,41916,701,45
./shape/1.in/16.out,2958585,680679,55237,5629,331,1340,324,4312,993,41878,703,45
./shape/1.in/17.out,2902055,638319,55290,5648,321,1340,348,4275,1003,41913,704,46
./shape/1.in/18.out,2894466,634999,56168,5563,329,1339,324,4287,1007,42887,703,45
./shape/1.in/19.out,2906229,630978,55827,5169,336,1389,323,4283,998,42905,702,45
./shape/1.in/20.out,2904327,627197,55112,5521,322,1333,333,4299,987,41880,702,45
./shape/1.in/21.out,2965517,689040,54766,5168,328,1344,335,4269,1002,41884,706,45
./shape/1.in/22.out,2913012,630557,56110,5497,317,1346,328,4258,1003,42910,707,49
./shape/1.in/23.out,2949675,675278,54738,5130,330,1339,327,4320,994,41867,704,45
./shape/1.in/24.out,2901765,628392,55153,5566,326,1339,322,4293,994,41879,703,46
./shape/1.in/25.out,2961570,671371,54797,5169,319,1344,326,4286,1004,41902,706,47
./shape/1.in/26.out,2923584,652980,56512,5398,363,1484,358,4592,1038,42883,700,47
./shape/1.in/27.out,2896730,626853,56234,5645,328,1337,331,4295,1002,42866,699,47
./shape/1.in/28.out,2944269,666053,55191,5596,321,1349,327,4290,989,41879,704,45
./shape/1.in/29.out,2893111,633175,54919,5188,362,1414,330,4287,1005,41934,702,45
./shape/1.in/30.out,2950414,664522,55320,5648,336,1344,327,4328,994,41919,702,45
./shape/2.in/0.out,2899468,598472,87776,5242,237,1344,321,4855,2925,72206,831,39
./shape/2.in/1.out,2887365,592999,87786,5225,234,1334,323,4831,2906,72288,828,39
./shape/2.in/2.out,2864779,563989,87232,4750,236,1339,330,4828,2900,72200,828,43
./shape/2.in/3.out,2899649,598160,87769,5180,237,1337,330,4842,2940,72251,831,42
./shape/2.in/4.out,2919185,595102,86543,5198,245,1337,339,4854,2903,71037,823,39
./shape/2.in/5.out,2895120,597037,86738,5227,236,1350,325,4869,2915,71169,830,40
./shape/2.in/6.out,2863542,564103,87208,4834,237,1351,327,4829,2911,72075,830,40
./shape/2.in/7.out,2910661,596226,87645,5220,241,1334,328,4854,2889,72134,831,43
./shape/2.in/8.out,2887470,564472,86636,5191,232,1333,329,4856,2906,71149,821,40
./shape/2.in/9.out,2893071,592806,86684,5291,241,1336,335,4859,2908,71069,834,41
./shape/2.in/10.out,2892267,594984,87309,4826,231,1338,325,4854,2915,72167,834,39
./shape/2.in/11.out,2864506,566398,86672,5218,237,1342,322,4855,2927,71122,834,39
./shape/2.in/12.out,2862360,565774,86148,4769,239,1338,321,4850,2916,71072,829,39
./shape/2.in/13.out,2873861,570900,86628,5157,235,1353,322,4875,2890,71146,833,39
./shape/2.in/14.out,2923764,600708,86543,5149,236,1343,320,4839,2907,71098,835,40
./shape/2.in/15.out,2863290,566212,86098,4758,236,1337,324,4841,2888,71071,827,39
./shape/2.in/16.out,2928074,595162,87658,5191,251,1336,325,4847,2906,72164,838,40
./shape/2.in/17.out,2905365,596856,87489,5130,238,1339,319,4851,2910,72063,825,39
./shape/2.in/18.out,2895162,591999,86144,4746,235,1339,328,4811,2926,71114,827,40
./shape/2.in/19.out,2880174,593993,86440,5105,234,1339,321,4837,2901,71058,827,39
./shape/2.in/20.out,2901399,593349,87582,5144,233,1350,328,4860,2907,72108,833,40
./shape/2.in/21.out,2870419,578237,87477,5138,237,1337,323,4843,2925,72033,824,40
./shape/2.in/22.out,2868848,569752,87569,5179,238,1355,325,4841,2907,72081,829,40
./shape/2.in/23.out,2919303,596743,87614,5170,235,1340,328,4847,2901,72140,835,39
./shape/2.in/24.out,2886871,570337,86657,5162,240,1386,317,4855,2911,71139,829,40
./shape/2.in/25.out,2888539,571000,87628,5134,239,1345,326,4855,2920,72165,832,40
./shape/2.in/26.out,2895611,591591,87222,4743,239,1334,328,4830,2889,72223,822,39
./shape/2.in/27.out,2900134,595399,87420,4787,240,1357,334,4848,2908,72297,836,40
./shape/2.in/28.out,2905091,590768,86207,4723,232,1336,341,4815,2914,71205,821,39
./shape/2.in/29.out,2885047,562580,87767,5174,244,1347,330,4872,2919,72238,835,40
./shape/2.in/30.out,2916560,596232,86298,4729,246,1337,327,4890,2902,71228,834,39
./shape/3.in/0.out,2943267,528572,183764,5022,239,1335,319,5360,3032,167941,708,35
./shape/3.in/1.out,2943322,549322,182576,4988,234,1332,328,5382,3014,166780,704,37
./shape/3.in/2.out,2959275,560842,185788,5053,239,1340,326,5376,3036,169903,706,36
./shape/3.in/3.out,2949455,552744,184868,4984,234,1335,326,5386,3027,169052,709,37
./shape/3.in/4.out,2955919,554083,184023,5040,247,1334,323,5337,3031,168209,703,36
./shape/3.in/5.out,2926230,529887,182026,5039,241,1337,329,5363,3044,166154,713,35
./shape/3.in/6.out,2948198,548118,185092,4991,240,1329,323,5364,3018,169310,707,36
./shape/3.in/7.out,2954089,555035,185366,5021,237,1334,321,5357,3032,169539,715,36
./shape/3.in/8.out,2944520,552173,184121,5010,237,1339,320,5354,3019,168321,707,37
./shape/3.in/9.out,2910431,519743,184292,5098,239,1385,335,5332,3003,168375,706,36
./shape/3.in/10.out,2903199,521372,185531,5049,243,1331,319,5393,3030,169649,709,37
./shape/3.in/11.out,2949994,552827,182572,5020,233,1344,320,5337,3003,166806,692,37
./shape/3.in/12.out,2947679,551971,184019,4985,232,1330,319,5355,3015,168259,708,37
./shape/3.in/13.out,2917129,524051,185243,5013,240,1332,324,5333,3016,169467,709,37
./shape/3.in/14.out,2951565,554527,185384,5028,238,1331,322,5349,3036,169557,711,37
./shape/3.in/15.out,2957381,552157,185098,5010,238,1339,322,5396,3013,169263,706,36
./shape/3.in/16.out,2911687,521906,183683,5097,255,1338,322,5332,3040,167804,700,38
./shape/3.in/17.out,2905995,519491,183358,4998,233,1337,318,5345,3027,167577,707,35
./shape/3.in/18.out,2948266,550333,181118,5040,239,1345,321,5396,3037,165218,711,37
./shape/3.in/19.out,2913732,525065,182292,5020,240,1333,319,5363,3035,166471,703,36
./shape/3.in/20.out,2970205,550593,184206,5058,263,1395,322,5363,3042,168265,712,36
./shape/3.in/21.out,2938165,522348,184207,4985,235,1338,320,5344,3034,168430,706,37
./shape/3.in/22.out,3035658,552263,192298,10020,252,1454,357,5597,3166,170898,751,39
./shape/3.in/23.out,2930122,519821,184230,5027,248,1337,320,5357,3006,168425,707,37
./shape/3.in/24.out,2957629,554727,183935,4651,235,1337,336,5389,3040,168422,711,36
./shape/3.in/25.out,2942784,548103,182664,5075,245,1341,319,5370,3042,166762,708,36
./shape/3.in/26.out,2926799,523747,180276,5030,233,1336,329,5354,3034,164458,687,35
./shape/3.in/27.out,2932053,549890,183586,4591,236,1335,325,5341,2997,168242,705,37
./shape/3.in/28.out,2952655,552538,184277,5059,239,1343,324,5345,3052,168391,715,36
./shape/3.in/29.out,2923244,520991,185400,4986,230,1336,327,5366,3031,169595,710,37
./shape/3.in/30.out,2922920,522466,185094,4976,237,1343,333,5349,3007,169325,713,36
./shape/4.in/0.out,14850663,424928,12207194,4280,237,1335,308,6633,4342,12189758,489,34
./shape/4.in/1.out,14854699,420252,12217465,4327,243,1301,304,6649,4334,12200010,492,32
./shape/4.in/2.out,14917005,449345,12236084,4261,235,1317,307,6649,4359,12218661,479,34
./shape/4.in/3.out,14899747,445282,12235877,4276,230,1304,314,6697,4297,12218456,485,32
./shape/4.in/4.out,14899021,420767,12243483,4236,236,1308,304,6671,4309,12226125,483,30
./shape/4.in/5.out,14965217,469277,12275827,4229,234,1306,304,6688,4339,12258234,678,32
./shape/4.in/6.out,14986108,448325,12307712,4233,234,1307,304,6649,4340,12290334,495,33
./shape/4.in/7.out,14966549,447128,12292536,4258,242,1306,306,6657,4340,12275135,483,34
./shape/4.in/8.out,14935618,453504,12276887,4274,242,1307,311,6654,4317,12259493,481,32
./shape/4.in/9.out,14921119,421015,12288706,4252,241,1307,300,6695,4348,12271265,488,33
./shape/4.in/10.out,14985371,466166,12293169,4261,237,1307,315,6685,4341,12275724,485,33
./shape/4.in/11.out,14937095,448350,12270081,4224,237,1300,311,6656,4334,12252719,489,31
./shape/4.in/12.out,14929082,438557,12244785,4280,250,1310,308,6697,4316,12227337,486,32
./shape/4.in/13.out,14935208,449338,12267991,4238,240,1307,307,6703,4330,12250568,489,32
./shape/4.in/14.out,14989636,452509,12271129,4272,244,1316,307,6648,4334,12253713,492,32
./shape/4.in/15.out,14985280,449061,12308507,4307,249,1305,309,6788,4356,12290915,481,31
./shape/4.in/16.out,14941926,421265,12289763,4229,232,1316,309,6684,4329,12272357,491,31
./shape/4.in/17.out,14986089,439520,12313817,4247,244,1307,309,6659,4361,12296395,490,33
./shape/4.in/18.out,14971329,447096,12297569,4264,245,1305,307,6676,4327,12280146,494,33
./shape/4.in/19.out,14916576,421101,12284460,4247,239,1306,320,6650,4361,12267041,487,32
./shape/4.in/20.out,14967330,437705,12308120,4253,237,1311,307,6697,4351,12290664,486,34
./shape/4.in/21.out,14956976,449209,12281830,4268,241,1304,304,6654,4349,12264415,488,32
./shape/4.in/22.out,14934574,419886,12295654,4325,248,1311,310,6669,4357,12278138,493,34
./shape/4.in/23.out,14952023,468684,12269254,4275,240,1301,311,6693,4337,12251790,500,30
./shape/4.in/24.out,14988243,449153,12313320,4328,242,1311,303,6642,4343,12295857,487,33
./shape/4.in/25.out,14887781,421135,12258779,4329,248,1296,308,6672,4348,12241285,491,32
./shape/4.in/26.out,14955626,423106,12291456,4317,244,1310,307,6694,4345,12273941,495,31
./shape/4.in/27.out,14957090,466670,12260904,4311,240,1305,316,6703,4334,12243398,488,31
./shape/4.in/28.out,14971631,446987,12294107,4310,247,1365,315,6648,4332,12276593,493,33
./shape/4.in/29.out,14963465,438066,12302623,4248,239,1309,307,6685,4360,12285157,508,32
./shape/4.in/30.out,14945060,449092,12277796,4462,235,1294,310,6639,4363,12260191,488,32
./shape/5.in/0.out,57244679,375593,54646115,3680,237,1296,309,5778,4343,54630277,387,27
./shape/5.in/1.out,57528125,393671,54904940,3678,238,1299,303,5786,4335,54889109,382,29
./shape/5.in/2.out,57389585,372521,54782753,3656,232,1304,308,5791,4355,54766910,384,28
./shape/5.in/3.out,57417949,387165,54809733,9467,326,1804,419,7093,4866,54785637,387,28
./shape/5.in/4.out,57327243,373765,54724819,3623,231,1309,306,5800,4357,54708996,384,28
./shape/5.in/5.out,57450419,372983,54846874,3636,238,1304,297,5856,4366,54830982,389,29
./shape/5.in/6.out,57292754,372534,54687209,10688,319,1800,417,7044,4856,54661959,387,26
./shape/5.in/7.out,57122277,368105,54552781,3707,237,1310,307,5781,4322,54536927,386,26
./shape/5.in/8.out,57271503,371877,54688343,3731,239,1299,309,5815,4348,54672416,381,28
./shape/5.in/9.out,57091888,370502,54532031,3697,230,1294,307,5774,4342,54516189,384,28
./shape/5.in/10.out,57132579,371375,54549837,3704,232,1304,305,5797,4356,54533942,385,28
./shape/5.in/11.out,57372067,368824,54793620,3712,239,1297,306,5817,4351,54777708,383,29
./shape/5.in/12.out,57034490,384528,54409543,3704,236,1307,297,5820,4351,54393634,386,27
./shape/5.in/13.out,57130290,370149,54551892,3726,238,1299,304,5772,4362,54536001,383,27
./shape/5.in/14.out,57313429,374358,54713794,3721,234,1304,304,5779,4333,54697926,383,27
./shape/5.in/15.out,57241280,371726,54654708,3701,234,1298,302,5777,4334,54638864,388,27
./shape/5.in/16.out,57374774,371664,54794234,3758,239,1308,301,6114,4352,54777967,389,28
./shape/5.in/17.out,57189820,368727,54610968,3744,228,1291,301,5805,4341,54595054,389,28
./shape/5.in/18.out,57414078,374054,54817415,3748,239,1299,309,5804,4336,54801478,394,29
./shape/5.in/19.out,57209998,371470,54636240,3731,240,1303,307,5829,4359,54620279,386,27
./shape/5.in/20.out,57135250,372075,54539276,3736,231,1297,305,5762,4328,54523418,385,28
./shape/5.in/21.out,57207032,370332,54622076,3708,232,1298,309,5792,4350,54606189,385,27
./shape/5.in/22.out,57289779,383341,54690133,3749,236,1304,302,5808,4331,54674214,382,27
./shape/5.in/23.out,57273416,369187,54690800,3709,230,1306,305,5786,4331,54674933,387,28
./shape/5.in/24.out,57266738,342384,54678099,3740,234,1300,301,5779,4361,54662179,391,30
./shape/5.in/25.out,57479975,435517,54686811,3655,241,1301,304,5802,4359,54670959,387,27
./shape/5.in/26.out,57388207,369999,54807107,3708,233,1307,313,5778,4363,54791205,388,29
./shape/5.in/27.out,57157103,386563,54551823,3806,242,1350,307,5801,4365,54535760,389,28
./shape/5.in/28.out,57416426,370389,54832714,3779,237,1306,303,5818,4344,54816732,387,28
./shape/5.in/29.out,57278982,374757,54693318,3742,235,1308,299,5817,4350,54677367,389,27
./shape/5.in/30.out,57146825,369704,54561786,3691,236,1281,300,5792,4359,54545933,385,28
./shape/6.in/0.out,40900053,285720,38377330,2972,236,1304,301,6168,4197,38361967,380,23
./shape/6.in/1.out,40852938,278405,38355435,2989,236,1284,298,6138,4194,38340124,372,20
./shape/6.in/2.out,40971228,279799,38475684,2972,231,1298,298,6149,4205,38460350,372,23
./shape/6.in/3.out,40975460,279909,38467986,2974,238,1292,298,6149,4185,38452671,380,22
./shape/6.in/4.out,40908822,277737,38399700,3024,236,1298,297,6187,4203,38384267,385,22
./shape/6.in/5.out,40909143,279012,38422681,3024,234,1296,297,6183,4178,38407287,376,24
./shape/6.in/6.out,40824147,276876,38320124,3012,234,1290,293,6197,4206,38304710,375,24
./shape/6.in/7.out,40924632,279326,38417662,3037,231,1289,298,6149,4155,38402314,380,23
./shape/6.in/8.out,40956101,274154,38469125,3041,239,1281,292,6176,4151,38453765,378,23
./shape/6.in/9.out,40844750,278321,38349477,3014,231,1296,296,6180,4200,38334062,391,22
./shape/6.in/10.out,40909102,282606,38407374,3031,243,1280,296,6165,4210,38391973,378,25
./shape/6.in/11.out,40755186,249178,38286578,3022,233,1301,294,6157,4177,38271214,372,23
./shape/6.in/12.out,40857895,276956,38359762,3123,244,1286,301,6163,4228,38344246,376,21
./shape/6.in/13.out,40858588,284192,38351493,3052,230,1290,295,6130,4202,38336106,378,23
./shape/6.in/14.out,40773145,249669,38308964,3091,240,1304,298,6124,4177,38293546,385,23
./shape/6.in/15.out,40827703,286841,38316284,3106,236,1291,299,6133,4183,38300858,373,24
./shape/6.in/16.out,40770466,279548,38263286,3106,235,1298,298,6175,4198,38247800,370,24
./shape/6.in/17.out,40902972,279927,38380404,3097,231,1295,302,6171,4228,38364889,381,25
./shape/6.in/18.out,40718676,278715,38226299,3100,232,1296,293,6125,4201,38210873,370,24
./shape/6.in/19.out,40874889,250708,38392447,3104,241,1283,293,6173,4225,38376948,381,22
./shape/6.in/20.out,40870421,299747,38355512,3106,243,1283,294,6164,4202,38340047,377,22
./shape/6.in/21.out,40911484,278593,38414420,3119,232,1299,291,6170,4192,38398934,378,22
./shape/6.in/22.out,40905625,300893,38388910,3109,242,1287,295,6164,4229,38373409,376,25
./shape/6.in/23.out,40849621,278849,38346746,3091,234,1280,298,6182,4189,38331287,383,21
./shape/6.in/24.out,41344359,281161,38787565,5900,250,1350,332,6714,4441,38768382,403,24
./shape/6.in/25.out,40857481,279019,38361565,3111,242,1289,296,6180,4189,38346097,364,23
./shape/6.in/26.out,40819947,279020,38328360,3226,246,1295,296,6150,4183,38312800,371,24
./shape/6.in/27.out,40879178,279167,38368687,3087,234,1292,299,6159,4219,38353214,376,24
./shape/6.in/28.out,40915996,279047,38406098,3115,238,1330,317,6254,4156,38390506,379,25
./shape/6.in/29.out,40848350,278284,38358568,3085,234,1288,300,6143,4200,38343141,372,24
./shape/6.in/30.out,40971659,296955,38366387,3169,249,1354,311,6242,4269,38350632,370,22
