Filename,Nodes,Width,Height,Functions,Max Function,Total,CPU Setup,GPU Total,GPU Upload,GPU Upload Create,Preprocessing,Instruction Count,Instruction Gen,Optimize,Regalloc,Jump Fix,Postprocess
./basic/1.in/0.out,1155,234,19,5,397,2325079,2329,52544,162,32,117,113,1749,686,49503,192,11
./basic/1.in/1.out,1155,234,19,5,397,2292758,2252,53374,157,31,112,110,1732,682,50358,201,11
./basic/1.in/2.out,1155,234,19,5,397,2279545,2052,53454,166,32,112,111,1753,671,50421,196,11
./basic/1.in/3.out,1155,234,19,5,397,2396331,1368,52585,173,34,124,120,1751,732,49459,202,13
./basic/1.in/4.out,1155,234,19,5,397,2299229,2191,53408,165,32,119,112,1732,681,50377,200,12
./basic/1.in/5.out,1155,234,19,5,397,2294981,2120,52559,161,31,113,108,1725,682,49557,192,10
./basic/1.in/6.out,1155,234,19,5,397,2282906,2408,53528,161,31,113,115,1741,691,50484,201,11
./basic/1.in/7.out,1155,234,19,5,397,2279426,1124,52481,160,30,117,111,1752,680,49438,201,11
./basic/1.in/8.out,1155,234,19,5,397,2279917,995,53386,168,33,111,112,1708,668,50404,191,11
./basic/1.in/9.out,1155,234,19,5,397,2260255,991,53476,163,32,115,111,1736,684,50433,211,12
./basic/1.in/10.out,1155,234,19,5,397,2305555,2173,53511,164,34,113,109,1725,680,50501,198,11
./basic/1.in/11.out,1155,234,19,5,397,2279209,1990,52536,164,32,114,110,1721,683,49525,198,12
./basic/1.in/12.out,1155,234,19,5,397,2271003,996,53536,157,30,116,111,1730,683,50527,189,11
./basic/1.in/13.out,1155,234,19,5,397,2310783,3209,53339,157,30,115,112,1704,680,50338,210,11
./basic/1.in/14.out,1155,234,19,5,397,2289131,1998,53567,158,30,115,115,1735,689,50531,202,11
./basic/1.in/15.out,1155,234,19,5,397,2319988,2111,53403,163,31,114,116,1710,696,50384,198,11
./basic/1.in/16.out,1155,234,19,5,397,2309899,1967,53555,161,32,118,113,1727,687,50534,193,11
./basic/1.in/17.out,1155,234,19,5,397,2301707,2253,53480,163,32,112,110,1694,681,50501,197,11
./basic/1.in/18.out,1155,234,19,5,397,2298132,2349,53614,158,31,114,113,1763,684,50554,205,11
./basic/1.in/19.out,1155,234,19,5,397,2305661,2529,52426,158,31,115,111,1741,676,49408,196,11
./basic/1.in/20.out,1155,234,19,5,397,2277438,1763,52410,160,31,116,114,1740,680,49377,201,10
./basic/1.in/21.out,1155,234,19,5,397,2319685,3122,53505,163,33,115,109,1735,690,50469,202,12
./basic/1.in/22.out,1155,234,19,5,397,2306414,2262,53517,160,30,110,116,1740,680,50488,200,11
./basic/1.in/23.out,1155,234,19,5,397,2272854,1337,52573,169,31,117,109,1742,677,49541,196,11
./basic/1.in/24.out,1155,234,19,5,397,2297820,2179,53507,161,31,116,109,1758,674,50473,193,12
./basic/1.in/25.out,1155,234,19,5,397,2301424,2703,52556,162,32,117,111,1743,680,49525,196,11
./basic/1.in/26.out,1155,234,19,5,397,2302537,2444,53388,160,33,112,113,1696,671,50412,202,11
./basic/1.in/27.out,1155,234,19,5,397,2288626,995,53564,161,31,116,111,1763,679,50520,191,11
./basic/1.in/28.out,1155,234,19,5,397,2325021,2061,53568,160,30,114,111,1737,684,50531,208,11
./basic/1.in/29.out,1155,234,19,5,397,2275626,2047,53426,162,31,116,115,1732,684,50401,195,11
./basic/1.in/30.out,1155,234,19,5,397,2291690,995,53559,159,33,116,109,1747,685,50519,201,11
./basic/2.in/0.out,3078,697,18,9,667,2317413,4049,88116,183,33,115,122,1713,796,84944,221,11
./basic/2.in/1.out,3078,697,18,9,667,2353438,3879,87975,183,31,116,119,1700,818,84793,222,12
./basic/2.in/2.out,3078,697,18,9,667,2335065,4204,87065,179,30,118,117,1692,812,83904,217,12
./basic/2.in/3.out,3078,697,18,9,667,2382042,3875,88461,182,30,117,119,1704,813,85283,218,12
./basic/2.in/4.out,3078,697,18,9,667,2341554,3996,89990,217,38,153,148,2013,918,86223,288,14
./basic/2.in/5.out,3078,697,18,9,667,2307300,2399,86944,184,31,120,125,1678,809,83787,218,11
./basic/2.in/6.out,3078,697,18,9,667,2322330,2703,88370,182,31,120,120,1698,810,85196,220,11
./basic/2.in/7.out,3078,697,18,9,667,2409066,3589,88225,194,33,127,133,1713,867,84947,219,13
./basic/2.in/8.out,3078,697,18,9,667,2341654,5098,88323,181,32,113,125,1701,807,85155,218,11
./basic/2.in/9.out,3078,697,18,9,667,2364834,3851,87926,178,30,115,121,1705,797,84765,221,11
./basic/2.in/10.out,3078,697,18,9,667,2346711,4584,88454,185,33,114,120,1705,805,85281,220,11
./basic/2.in/11.out,3078,697,18,9,667,2365761,4845,87914,177,30,113,123,1676,802,84787,213,11
./basic/2.in/12.out,3078,697,18,9,667,2337694,4395,87752,178,30,118,121,1680,816,84598,219,10
./basic/2.in/13.out,3078,697,18,9,667,2305279,2390,88330,181,31,114,119,1709,816,85153,215,11
./basic/2.in/14.out,3078,697,18,9,667,2358261,3733,88301,180,31,116,123,1683,800,85162,213,11
./basic/2.in/15.out,3078,697,18,9,667,2347060,5257,87944,184,30,118,119,1719,833,84736,213,11
./basic/2.in/16.out,3078,697,18,9,667,2337594,4440,87338,192,34,115,118,1751,879,84046,212,11
./basic/2.in/17.out,3078,697,18,9,667,2359043,3219,87855,179,30,116,119,1695,811,84689,222,11
./basic/2.in/18.out,3078,697,18,9,667,2337335,4074,87918,182,33,116,120,1713,806,84740,218,11
./basic/2.in/19.out,3078,697,18,9,667,2343003,4373,88031,180,32,119,118,1718,807,84849,217,11
./basic/2.in/20.out,3078,697,18,9,667,2336637,4311,88073,180,32,113,121,1705,812,84896,221,12
./basic/2.in/21.out,3078,697,18,9,667,2313970,2390,87151,185,32,111,120,1710,799,83988,214,12
./basic/2.in/22.out,3078,697,18,9,667,2382051,3759,87013,181,31,116,118,1716,813,83825,221,12
./basic/2.in/23.out,3078,697,18,9,667,2298156,3766,88163,186,33,115,120,1686,810,85005,218,10
./basic/2.in/24.out,3078,697,18,9,667,2318767,3796,88019,195,39,129,118,1686,806,84845,217,11
./basic/2.in/25.out,3078,697,18,9,667,2348408,4411,88267,182,31,117,119,1706,798,85107,214,11
./basic/2.in/26.out,3078,697,18,9,667,2356244,4628,87935,184,32,113,118,1693,810,84769,224,12
./basic/2.in/27.out,3078,697,18,9,667,2332824,4618,86962,183,31,118,125,1724,801,83770,217,11
./basic/2.in/28.out,3078,697,18,9,667,2308074,2432,88111,182,32,113,120,1694,804,84959,216,11
./basic/2.in/29.out,3078,697,18,9,667,2307397,2407,88225,179,30,117,121,1713,821,85030,221,11
./basic/2.in/30.out,3078,697,18,9,667,2340589,3743,87998,180,30,114,121,1666,815,84868,210,11
./basic/3.in/0.out,25793,5454,19,80,846,2423339,28234,125776,393,35,238,122,2035,1053,121715,196,12
./basic/3.in/1.out,25793,5454,19,80,846,2374905,20319,127356,392,36,239,122,2041,1056,123277,206,12
./basic/3.in/2.out,25793,5454,19,80,846,2394404,27020,126155,385,35,235,120,2033,1054,122089,214,13
./basic/3.in/3.out,25793,5454,19,80,846,2370413,21188,126221,386,34,239,121,2056,1058,122131,207,12
./basic/3.in/4.out,25793,5454,19,80,846,2371728,20336,126531,387,33,241,120,2024,1059,122463,211,13
./basic/3.in/5.out,25793,5454,19,80,846,2395651,26982,131930,391,34,242,119,2049,1065,127816,223,12
./basic/3.in/6.out,25793,5454,19,80,846,2387679,21240,127295,387,33,244,121,2027,1069,123228,196,11
./basic/3.in/7.out,25793,5454,19,80,846,2378171,20627,127258,383,35,235,120,2065,1063,123157,212,12
./basic/3.in/8.out,25793,5454,19,80,846,2350602,20792,127117,389,33,243,122,2004,1063,123061,210,13
./basic/3.in/9.out,25793,5454,19,80,846,2387022,19573,127322,392,32,242,119,2059,1049,123229,207,13
./basic/3.in/10.out,25793,5454,19,80,846,2430531,26974,139561,408,36,264,129,2121,1133,135267,213,13
./basic/3.in/11.out,25793,5454,19,80,846,2376916,21672,127593,383,35,236,122,2076,1047,123497,208,12
./basic/3.in/12.out,25793,5454,19,80,846,2414158,28133,127058,388,33,238,120,2043,1051,122987,207,13
./basic/3.in/13.out,25793,5454,19,80,846,2380313,21146,127316,382,31,244,124,2026,1052,123254,209,14
./basic/3.in/14.out,25793,5454,19,80,846,2360567,20503,127457,388,35,240,120,2026,1051,123393,212,13
./basic/3.in/15.out,25793,5454,19,80,846,2375495,20753,138327,387,33,238,129,2053,1066,134216,213,12
./basic/3.in/16.out,25793,5454,19,80,846,2358104,19990,127395,387,35,239,118,2015,1049,123356,208,13
./basic/3.in/17.out,25793,5454,19,80,846,2374967,20477,126340,390,34,235,119,2045,1056,122259,211,13
./basic/3.in/18.out,25793,5454,19,80,846,2369510,20761,127421,389,36,234,123,2034,1061,123348,208,12
./basic/3.in/19.out,25793,5454,19,80,846,2409026,27379,127041,384,33,232,123,2058,1063,122942,215,13
./basic/3.in/20.out,25793,5454,19,80,846,2446022,27506,127469,384,32,241,119,2068,1051,123371,210,13
./basic/3.in/21.out,25793,5454,19,80,846,2393851,27396,127966,381,34,238,119,2066,1045,123889,203,13
./basic/3.in/22.out,25793,5454,19,80,846,2418967,27939,126048,385,32,237,120,2037,1059,121981,203,12
./basic/3.in/23.out,25793,5454,19,80,846,2391687,26716,127278,390,33,241,123,2036,1046,123208,211,12
./basic/3.in/24.out,25793,5454,19,80,846,2409353,27959,126705,393,34,238,121,2017,1051,122660,199,13
./basic/3.in/25.out,25793,5454,19,80,846,2380977,20965,127584,386,33,239,122,2028,1062,123509,215,12
./basic/3.in/26.out,25793,5454,19,80,846,2400625,27456,127644,390,37,235,121,2055,1062,123554,202,12
./basic/3.in/27.out,25793,5454,19,80,846,2354241,21078,127566,389,38,245,122,2067,1045,123468,205,12
./basic/3.in/28.out,25793,5454,19,80,846,2415176,27786,143282,379,34,235,121,2037,1055,139220,210,12
./basic/3.in/29.out,25793,5454,19,80,846,2541903,27809,127573,385,35,237,118,2031,1054,123516,208,12
./basic/3.in/30.out,25793,5454,19,80,846,2396354,26753,126780,380,34,233,122,2053,1054,122706,206,13
./basic/4.in/0.out,128321,27053,19,421,1108,2513632,104462,189163,2668,98,1198,265,3787,1973,178708,524,20
./basic/4.in/1.out,128321,27053,19,421,1108,2530331,132104,185126,1367,42,495,227,3128,1783,177572,521,19
./basic/4.in/2.out,128321,27053,19,421,1108,2550586,131639,184598,1374,43,498,223,3129,1774,177043,525,19
./basic/4.in/3.out,128321,27053,19,421,1108,2555318,131147,182455,1366,43,492,222,3132,1782,174912,520,18
./basic/4.in/4.out,128321,27053,19,421,1108,2532867,130043,180189,1364,43,502,218,3134,1779,172645,514,19
./basic/4.in/5.out,128321,27053,19,421,1108,2538790,128050,177166,1365,40,503,215,3134,1779,169629,511,19
./basic/4.in/6.out,128321,27053,19,421,1108,2572365,128588,184028,1363,41,500,213,3107,1760,176532,521,19
./basic/4.in/7.out,128321,27053,19,421,1108,2534932,131568,184694,1365,43,494,228,3116,1796,177143,520,21
./basic/4.in/8.out,128321,27053,19,421,1108,2520886,100818,184657,1356,40,489,217,3115,1780,177145,521,20
./basic/4.in/9.out,128321,27053,19,421,1108,2551115,131087,194290,1381,42,508,218,3127,1803,186700,521,20
./basic/4.in/10.out,128321,27053,19,421,1108,2510937,100739,184722,1419,44,526,235,3227,1827,176939,517,19
./basic/4.in/11.out,128321,27053,19,421,1108,2559154,129248,182905,1366,42,494,220,3135,1781,175363,512,20
./basic/4.in/12.out,128321,27053,19,421,1108,2532959,128809,180069,1370,43,500,219,3124,1784,172529,511,19
./basic/4.in/13.out,128321,27053,19,421,1108,2542130,101048,177863,1371,42,498,219,3142,1802,170280,520,19
./basic/4.in/14.out,128321,27053,19,421,1108,2507867,101170,179172,1364,46,493,216,3146,1793,171615,514,19
./basic/4.in/15.out,128321,27053,19,421,1108,2543383,133009,180562,1373,41,497,214,3130,1788,173017,511,20
./basic/4.in/16.out,128321,27053,19,421,1108,2551146,128391,187721,1391,45,499,216,3152,1772,180138,521,19
./basic/4.in/17.out,128321,27053,19,421,1108,2549693,130626,185243,1379,42,494,218,3129,1785,177682,523,20
./basic/4.in/18.out,128321,27053,19,421,1108,2498670,100325,184640,1384,42,511,220,3129,1787,177062,513,22
./basic/4.in/19.out,128321,27053,19,421,1108,2490072,101142,185178,1401,44,501,219,3156,1813,177535,522,20
./basic/4.in/20.out,128321,27053,19,421,1108,2508168,101173,185279,1379,43,497,218,3147,1781,177707,519,20
./basic/4.in/21.out,128321,27053,19,421,1108,2516663,100254,185357,1392,44,501,218,3157,1798,177735,524,19
./basic/4.in/22.out,128321,27053,19,421,1108,2518965,102630,185402,1413,43,498,219,3142,1791,177779,526,20
./basic/4.in/23.out,128321,27053,19,421,1108,2539321,132465,183611,1392,40,496,212,3124,1773,176064,517,19
./basic/4.in/24.out,128321,27053,19,421,1108,2505013,100582,184184,1399,46,503,222,3182,1798,176524,523,20
./basic/4.in/25.out,128321,27053,19,421,1108,2562491,131221,186779,1834,53,640,268,3808,1991,177675,526,18
./basic/4.in/26.out,128321,27053,19,421,1108,2541806,129014,185030,1404,45,501,220,3143,1805,177168,757,20
./basic/4.in/27.out,128321,27053,19,421,1108,2580893,130604,177450,1383,45,519,224,3227,1863,169673,525,20
./basic/4.in/28.out,128321,27053,19,421,1108,2519824,102098,177201,1375,43,502,221,3124,1777,169652,518,19
./basic/4.in/29.out,128321,27053,19,421,1108,2521806,129170,180922,1391,45,499,219,3129,1775,173358,519,19
./basic/4.in/30.out,128321,27053,19,421,1108,2539344,128676,184881,1352,41,482,224,3112,1772,177385,520,21
./basic/5.in/0.out,275852,58642,19,895,1006,2655629,260745,171413,2838,238,1303,298,3959,2352,160031,591,27
./basic/5.in/1.out,275852,58642,19,895,1006,2668221,264576,177007,3393,298,1731,384,4719,2507,163635,597,26
./basic/5.in/2.out,275852,58642,19,895,1006,2656529,265984,173082,2850,245,1300,295,3961,2345,161697,594,27
./basic/5.in/3.out,275852,58642,19,895,1006,2701655,262351,172849,2853,246,1341,315,4090,2361,161233,615,28
./basic/5.in/4.out,275852,58642,19,895,1006,2633706,242931,167914,2817,235,1291,303,3963,2333,156579,589,25
./basic/5.in/5.out,275852,58642,19,895,1006,2624175,237103,172693,2837,236,1308,309,4109,2338,161160,593,26
./basic/5.in/6.out,275852,58642,19,895,1006,2644261,265553,173620,2846,236,1289,297,3966,2352,162231,600,27
./basic/5.in/7.out,275852,58642,19,895,1006,2625342,239693,171190,2832,231,1290,292,3937,2348,159872,581,25
./basic/5.in/8.out,275852,58642,19,895,1006,2666769,264301,180919,2813,237,1296,298,3943,2349,169525,655,27
./basic/5.in/9.out,275852,58642,19,895,1006,2630188,238733,172793,2865,246,1299,294,3982,2343,161378,593,26
./basic/5.in/10.out,275852,58642,19,895,1006,2620953,234490,173894,2832,234,1302,296,3974,2371,162494,587,25
./basic/5.in/11.out,275852,58642,19,895,1006,2656323,262239,177623,2846,232,1288,305,3963,2364,166224,593,27
./basic/5.in/12.out,275852,58642,19,895,1006,2632370,243822,172923,2859,238,1306,294,3971,2381,161483,590,27
./basic/5.in/13.out,275852,58642,19,895,1006,2657853,266088,171062,2858,237,1302,296,3965,2330,159687,586,26
./basic/5.in/14.out,275852,58642,19,895,1006,2669917,264728,196542,2929,291,3680,839,24040,2564,161855,595,26
./basic/5.in/15.out,275852,58642,19,895,1006,2642502,266372,172667,2845,238,1296,296,3971,2379,161250,592,27
./basic/5.in/16.out,275852,58642,19,895,1006,2668309,265306,173003,2863,242,1294,298,3987,2339,161587,595,27
./basic/5.in/17.out,275852,58642,19,895,1006,2668814,264875,168894,2819,235,1347,319,3960,2336,157485,588,25
./basic/5.in/18.out,275852,58642,19,895,1006,2648644,265610,173129,2911,246,1300,298,3964,2353,161670,594,26
./basic/5.in/19.out,275852,58642,19,895,1006,2640097,266411,172418,2855,236,1306,298,3956,2343,161031,589,26
./basic/5.in/20.out,275852,58642,19,895,1006,2647914,264258,167085,2869,240,1294,307,3961,2365,155665,584,27
./basic/5.in/21.out,275852,58642,19,895,1006,2637264,252608,173945,2839,241,1292,297,3963,2341,162585,589,26
./basic/5.in/22.out,275852,58642,19,895,1006,2648891,265994,172686,2863,234,1300,295,3958,2347,161301,584,26
./basic/5.in/23.out,275852,58642,19,895,1006,2639121,241583,168000,2857,237,1296,293,3972,2358,156600,585,26
./basic/5.in/24.out,275852,58642,19,895,1006,2621690,234947,173024,2858,235,1305,296,3967,2368,161599,590,27
./basic/5.in/25.out,275852,58642,19,895,1006,2614537,235648,168889,2837,237,1286,300,3952,2336,157549,591,26
./basic/5.in/26.out,275852,58642,19,895,1006,2645331,261819,173903,2818,230,1294,302,3951,2355,162557,586,26
./basic/5.in/27.out,275852,58642,19,895,1006,2626485,238518,173830,2824,240,1288,298,3958,2351,162488,584,26
./basic/5.in/28.out,275852,58642,19,895,1006,2629606,237422,169155,2830,232,1306,302,3964,2357,157778,581,25
./basic/5.in/29.out,275852,58642,19,895,1006,2670177,265349,172743,2819,237,1296,304,3962,2349,161379,597,26
./basic/5.in/30.out,275852,58642,19,895,1006,2642344,242296,172710,2845,234,1309,299,3962,2352,161313,591,26
./basic/6.in/0.out,2550855,541224,19,8387,1295,5760737,2940155,427259,11294,271,1550,590,12527,9411,389954,1804,116
./basic/6.in/1.out,2550855,541224,19,8387,1295,5746187,2929798,425663,11220,265,1570,588,12285,9390,388682,1801,115
./basic/6.in/2.out,2550855,541224,19,8387,1295,5743850,2930728,421800,11372,272,1559,596,12257,9386,384696,1809,114
./basic/6.in/3.out,2550855,541224,19,8387,1295,5754529,2945198,429634,11306,268,1557,595,12275,9401,392567,1807,114
./basic/6.in/4.out,2550855,541224,19,8387,1295,5758425,2952320,428129,11280,278,1558,599,12276,9392,391084,1815,114
./basic/6.in/5.out,2550855,541224,19,8387,1295,5731683,2921362,425833,11143,265,1559,587,12252,9413,388953,1801,113
./basic/6.in/6.out,2550855,541224,19,8387,1295,5837791,2945528,431084,14170,271,1561,597,12307,9409,391103,1807,115
./basic/6.in/7.out,2550855,541224,19,8387,1295,5753738,2931127,427483,12236,332,2004,636,13519,9492,387658,1810,115
./basic/6.in/8.out,2550855,541224,19,8387,1295,5699062,2897957,424271,11244,274,1556,591,12262,9394,387284,1814,114
./basic/6.in/9.out,2550855,541224,19,8387,1295,5725849,2937270,421313,11273,271,1544,587,12244,9402,384336,1800,114
./basic/6.in/10.out,2550855,541224,19,8387,1295,5751651,2946642,431272,11346,271,1573,592,12243,9398,394181,1812,114
./basic/6.in/11.out,2550855,541224,19,8387,1295,5751819,2923357,426489,11302,266,1548,597,12242,9397,389462,1814,115
./basic/6.in/12.out,2550855,541224,19,8387,1295,5743342,2938206,422837,11288,267,1542,592,12259,9414,385812,1803,114
./basic/6.in/13.out,2550855,541224,19,8387,1295,5751135,2940859,427953,11329,274,1557,593,12270,9399,390858,1820,114
./basic/6.in/14.out,2550855,541224,19,8387,1295,5711885,2927009,429962,11211,267,1554,595,12256,9406,393009,1803,116
./basic/6.in/15.out,2550855,541224,19,8387,1295,5777326,2946329,426153,11343,278,1556,606,12273,9406,389031,1812,115
./basic/6.in/16.out,2550855,541224,19,8387,1295,5727886,2934884,424212,11224,269,1560,595,12274,9391,387229,1811,116
./basic/6.in/17.out,2550855,541224,19,8387,1295,5810852,2996966,428083,11337,278,1583,592,12234,9411,390990,1809,115
./basic/6.in/18.out,2550855,541224,19,8387,1295,5793836,2970409,423553,11215,267,1565,588,12252,9406,386594,1807,115
./basic/6.in/19.out,2550855,541224,19,8387,1295,5774942,2947013,429897,11289,278,1546,589,12257,9405,392871,1813,115
./basic/6.in/20.out,2550855,541224,19,8387,1295,5743561,2948706,428636,11276,271,1558,596,12233,9432,391601,1813,116
./basic/6.in/21.out,2550855,541224,19,8387,1295,5757912,2949734,426946,12285,340,2025,637,13532,9506,387023,1809,114
./basic/6.in/22.out,2550855,541224,19,8387,1295,5744066,2945817,424651,11327,272,1584,599,12275,9432,387494,1813,114
./basic/6.in/23.out,2550855,541224,19,8387,1295,5755275,2953146,428462,11234,272,1559,590,12272,9410,391464,1805,113
./basic/6.in/24.out,2550855,541224,19,8387,1295,5758434,2951382,426059,11330,274,1553,591,12260,9401,388979,1818,114
./basic/6.in/25.out,2550855,541224,19,8387,1295,5745044,2937342,422204,11219,269,1553,595,12266,9406,385221,1818,114
./basic/6.in/26.out,2550855,541224,19,8387,1295,5762897,2939598,429708,11288,269,1569,584,12274,9406,392655,1803,115
./basic/6.in/27.out,2550855,541224,19,8387,1295,5691202,2915998,427970,11197,268,1546,591,12254,9406,391038,1811,115
./basic/6.in/28.out,2550855,541224,19,8387,1295,5746138,2931554,426430,11396,267,1566,592,12276,9405,389261,1806,115
./basic/6.in/29.out,2550855,541224,19,8387,1295,5685329,2879980,425738,11327,273,1556,587,12252,9407,388677,1804,114
./basic/6.in/30.out,2550855,541224,19,8387,1295,5678592,2884376,427955,11622,284,1578,594,12286,9390,390551,1805,114
./basic/7.in/0.out,12301146,2619673,19,40112,1296,20049680,15448548,1391401,47440,492,2690,1998,44884,47260,1238593,8030,492
./basic/7.in/1.out,12301146,2619673,19,40112,1296,20179451,15549517,1392464,47936,492,2708,1998,44921,47273,1239089,8033,494
./basic/7.in/2.out,12301146,2619673,19,40112,1296,21679941,16942508,1433788,85784,597,2732,2003,44989,47273,1242466,8035,492
./basic/7.in/3.out,12301146,2619673,19,40112,1296,20237128,15598474,1391581,47624,474,2707,1999,44897,47249,1238590,8009,493
./basic/7.in/4.out,12301146,2619673,19,40112,1296,20446194,15804045,1393941,49762,474,2809,1994,44887,47288,1238691,8003,493
./basic/7.in/5.out,12301146,2619673,19,40112,1296,20195934,15564529,1391991,47747,475,2691,1991,44912,47265,1238864,8015,492
./basic/7.in/6.out,12301146,2619673,19,40112,1296,20154316,15533243,1406566,47297,487,2701,1991,60313,47267,1238480,8011,493
./basic/7.in/7.out,12301146,2619673,19,40112,1296,20187831,15574217,1392754,47793,474,2707,1987,44879,47290,1239594,7999,493
./basic/7.in/8.out,12301146,2619673,19,40112,1296,20161569,15540669,1390464,47956,486,2695,2006,44825,47269,1237198,8010,493
./basic/7.in/9.out,12301146,2619673,19,40112,1296,20060323,15457787,1391411,47896,490,2711,2000,44863,47254,1238145,8036,493
./basic/7.in/10.out,12301146,2619673,19,40112,1296,20182222,15541237,1394961,47900,471,2692,1989,44889,47228,1241732,8024,494
./basic/7.in/11.out,12301146,2619673,19,40112,1296,20056972,15465477,1392031,47347,487,2691,1997,44876,47235,1239359,8021,493
./basic/7.in/12.out,12301146,2619673,19,40112,1296,20145146,15527779,1392345,48030,478,2703,1998,44906,47306,1238869,8027,493
./basic/7.in/13.out,12301146,2619673,19,40112,1296,20139296,15505550,1413192,48653,1601,6730,17741,45995,47275,1238268,8022,492
./basic/7.in/14.out,12301146,2619673,19,40112,1296,20172522,15550270,1390887,47777,486,2678,2001,44863,47256,1237784,8023,493
./basic/7.in/15.out,12301146,2619673,19,40112,1296,20194654,15518227,1392839,47868,496,2749,1993,44944,47304,1239437,8036,494
./basic/7.in/16.out,12301146,2619673,19,40112,1296,20170557,15483248,1389917,47319,477,2709,2002,44911,47235,1237248,7987,493
./basic/7.in/17.out,12301146,2619673,19,40112,1296,20122283,15494369,1395835,48107,475,2705,1993,44896,47246,1242357,8026,492
./basic/7.in/18.out,12301146,2619673,19,40112,1296,20057624,15435933,1391586,47322,470,2701,1995,44901,47250,1238898,8013,493
./basic/7.in/19.out,12301146,2619673,19,40112,1296,20147860,15523535,1391981,47790,489,2698,1999,44871,47272,1238826,8019,493
./basic/7.in/20.out,12301146,2619673,19,40112,1296,20108952,15466136,1397893,51764,564,3351,2066,45697,47251,1239225,8032,492
./basic/7.in/21.out,12301146,2619673,19,40112,1296,20034865,15431422,1391719,47398,480,2700,2003,44853,47236,1239005,8019,492
./basic/7.in/22.out,12301146,2619673,19,40112,1296,20036014,15418518,1391778,47361,472,2704,1995,44905,47254,1239027,8026,493
./basic/7.in/23.out,12301146,2619673,19,40112,1296,20031379,15432034,1390386,47442,473,2708,1985,44872,47248,1237599,8028,492
./basic/7.in/24.out,12301146,2619673,19,40112,1296,20051490,15442292,1396842,51354,572,3355,2062,45713,47271,1238567,8015,492
./basic/7.in/25.out,12301146,2619673,19,40112,1296,20026600,15422835,1391704,47407,478,2700,1990,44869,47258,1238960,8015,492
./basic/7.in/26.out,12301146,2619673,19,40112,1296,20115270,15504780,1391173,47880,478,2704,1992,44895,47247,1237923,8027,493
./basic/7.in/27.out,12301146,2619673,19,40112,1296,20079416,15457609,1401478,47193,482,2693,1995,44942,47275,1248847,8028,492
./basic/7.in/28.out,12301146,2619673,19,40112,1296,20077045,15488259,1394522,47879,482,2684,1998,44918,47251,1241261,8022,493
./basic/7.in/29.out,12301146,2619673,19,40112,1296,20227052,15632265,1392152,47749,480,2714,1986,44909,47245,1239016,8027,492
./basic/7.in/30.out,12301146,2619673,19,40112,1296,20146337,15545686,1394279,47911,488,2692,1992,44882,47280,1240996,8021,492
./funclen/1.in/0.out,307141,77058,9,25118,53,2614264,344158,48335,3254,235,1286,295,3390,836,37905,1324,33
./funclen/1.in/1.out,307141,77058,9,25118,53,2583098,323302,48355,3277,237,1289,301,3406,835,37872,1329,34
./funclen/1.in/2.out,307141,77058,9,25118,53,2622372,325980,48340,3285,238,1289,303,3393,832,37863,1328,34
./funclen/1.in/3.out,307141,77058,9,25118,53,2611183,340334,47348,3287,247,1288,298,3389,846,36864,1332,34
./funclen/1.in/4.out,307141,77058,9,25118,53,2595133,321319,47360,3279,240,1291,296,3389,846,36866,1346,34
./funclen/1.in/5.out,307141,77058,9,25118,53,2615844,324537,47376,3291,237,1293,307,3395,853,36854,1339,33
./funclen/1.in/6.out,307141,77058,9,25118,53,2601323,332794,47338,3244,233,1298,300,3385,831,36905,1329,34
./funclen/1.in/7.out,307141,77058,9,25118,53,2597599,324763,48436,3295,251,1305,300,3413,848,37888,1342,33
./funclen/1.in/8.out,307141,77058,9,25118,53,2606588,326212,47404,3267,234,1292,305,3441,846,36884,1323,34
./funclen/1.in/9.out,307141,77058,9,25118,53,2618265,322992,48404,3310,235,1291,304,3394,850,37878,1332,34
./funclen/1.in/10.out,307141,77058,9,25118,53,2597994,323544,48408,3278,237,1301,299,3412,866,37880,1325,34
./funclen/1.in/11.out,307141,77058,9,25118,53,2592095,323506,48368,3284,238,1288,301,3407,834,37870,1339,33
./funclen/1.in/12.out,307141,77058,9,25118,53,2573302,295927,48363,3252,235,1298,302,3393,838,37899,1335,34
./funclen/1.in/13.out,307141,77058,9,25118,53,2592574,321552,48400,3252,236,1300,301,3385,835,37951,1327,35
./funclen/1.in/14.out,307141,77058,9,25118,53,2602360,326516,47367,3237,238,1308,302,3404,837,36900,1332,34
./funclen/1.in/15.out,307141,77058,9,25118,53,2568125,297386,47431,3272,248,1300,304,3422,845,36906,1337,34
./funclen/1.in/16.out,307141,77058,9,25118,53,2619017,341069,47374,3260,239,1300,299,3411,853,36882,1323,33
./funclen/1.in/17.out,307141,77058,9,25118,53,2562468,295021,47629,3328,243,1351,309,3493,835,36929,1336,34
./funclen/1.in/18.out,307141,77058,9,25118,53,2566093,295110,47368,3270,241,1295,297,3399,849,36883,1330,33
./funclen/1.in/19.out,307141,77058,9,25118,53,2567379,309649,48257,3222,238,1289,302,3376,840,37857,1325,35
./funclen/1.in/20.out,307141,77058,9,25118,53,2609356,327898,47306,3217,234,1289,304,3418,844,36855,1332,34
./funclen/1.in/21.out,307141,77058,9,25118,53,2575908,326304,47258,3217,235,1294,294,3372,841,36876,1319,34
./funclen/1.in/22.out,307141,77058,9,25118,53,2560951,298930,48342,3229,246,1297,302,3400,847,37887,1334,34
./funclen/1.in/23.out,307141,77058,9,25118,53,2619965,342446,47318,3244,239,1288,300,3429,844,36843,1326,33
./funclen/1.in/24.out,307141,77058,9,25118,53,2560096,297961,47344,3248,237,1294,302,3385,835,36894,1340,34
./funclen/1.in/25.out,307141,77058,9,25118,53,2569267,295682,47392,3261,240,1290,295,3394,843,36936,1327,34
./funclen/1.in/26.out,307141,77058,9,25118,53,2571196,301329,48349,3244,233,1295,296,3409,840,37896,1323,33
./funclen/1.in/27.out,307141,77058,9,25118,53,2598360,333965,48381,3260,247,1295,308,3399,845,37910,1319,33
./funclen/1.in/28.out,307141,77058,9,25118,53,2594914,322285,47341,3235,242,1292,294,3406,847,36904,1317,35
./funclen/1.in/29.out,307141,77058,9,25118,53,2596108,324447,47299,3210,234,1293,296,3407,843,36873,1331,34
./funclen/1.in/30.out,307141,77058,9,25118,53,2612035,324408,47279,3200,239,1283,294,3397,847,36876,1333,35
./funclen/2.in/0.out,228263,61668,9,12495,79,2522563,247404,43082,3062,193,952,379,3652,1046,33546,404,28
./funclen/2.in/1.out,228263,61668,9,12495,79,2491927,246886,39839,2592,158,728,296,2949,935,31906,395,26
./funclen/2.in/2.out,228263,61668,9,12495,79,2510970,255125,39767,2594,154,726,301,2965,931,31824,389,26
./funclen/2.in/3.out,228263,61668,9,12495,79,2507639,246303,39776,2569,150,728,301,2967,927,31854,393,25
./funclen/2.in/4.out,228263,61668,9,12495,79,2471556,220786,40808,2584,154,730,293,2966,924,32880,390,29
./funclen/2.in/5.out,228263,61668,9,12495,79,2473373,217799,40856,2654,159,725,295,2965,933,32858,390,25
./funclen/2.in/6.out,228263,61668,9,12495,79,2489023,218909,40752,2559,154,724,294,2974,938,32837,389,26
./funclen/2.in/7.out,228263,61668,9,12495,79,2514670,238737,39844,2600,166,723,303,2965,928,31896,392,25
./funclen/2.in/8.out,228263,61668,9,12495,79,2474725,220535,40795,2579,157,717,302,2962,932,32875,390,27
./funclen/2.in/9.out,228263,61668,9,12495,79,2542935,234191,43180,5211,177,774,336,3258,1040,32112,406,27
./funclen/2.in/10.out,228263,61668,9,12495,79,2529923,249311,40751,2546,148,731,306,2954,918,32865,393,25
./funclen/2.in/11.out,228263,61668,9,12495,79,2488645,218821,39744,2595,150,729,293,2945,933,31820,391,26
./funclen/2.in/12.out,228263,61668,9,12495,79,2484564,219294,39780,2605,152,729,297,2976,934,31810,390,26
./funclen/2.in/13.out,228263,61668,9,12495,79,2526139,248140,40845,2605,152,730,296,2977,916,32893,390,26
./funclen/2.in/14.out,228263,61668,9,12495,79,2508730,251687,39791,2605,154,725,295,2957,932,31847,392,25
./funclen/2.in/15.out,228263,61668,9,12495,79,2514302,250053,40837,2602,153,729,293,2958,950,32879,389,25
./funclen/2.in/16.out,228263,61668,9,12495,79,2490584,248061,40764,2571,151,732,294,2971,924,32845,389,26
./funclen/2.in/17.out,228263,61668,9,12495,79,2499727,249484,40828,2602,156,732,297,2966,937,32863,392,26
./funclen/2.in/18.out,228263,61668,9,12495,79,2513149,248085,40729,2582,155,720,299,2969,928,32803,392,26
./funclen/2.in/19.out,228263,61668,9,12495,79,2506117,247929,39866,2607,154,732,295,2950,927,31921,398,26
./funclen/2.in/20.out,228263,61668,9,12495,79,2503140,244895,39822,2592,158,728,297,2965,947,31863,393,26
./funclen/2.in/21.out,228263,61668,9,12495,79,2543983,265325,40802,2594,155,728,295,2993,933,32831,391,26
./funclen/2.in/22.out,228263,61668,9,12495,79,2489498,248757,39831,2593,155,730,298,2968,936,31881,387,26
./funclen/2.in/23.out,228263,61668,9,12495,79,2547264,268243,39829,2609,154,733,297,2963,928,31870,391,26
./funclen/2.in/24.out,228263,61668,9,12495,79,2497103,221392,39783,2639,153,734,291,2959,921,31813,389,25
./funclen/2.in/25.out,228263,61668,9,12495,79,2531010,267759,39820,2593,155,730,297,2972,930,31872,389,26
./funclen/2.in/26.out,228263,61668,9,12495,79,2467640,218666,40780,2582,155,726,294,2945,937,32872,387,25
./funclen/2.in/27.out,228263,61668,9,12495,79,2538494,269019,40855,2597,149,733,296,2979,936,32887,390,26
./funclen/2.in/28.out,228263,61668,9,12495,79,2520980,244755,40801,2590,150,717,303,2961,934,32867,391,26
./funclen/2.in/29.out,228263,61668,9,12495,79,2517090,266246,39815,2589,162,725,295,2985,927,31866,392,25
./funclen/2.in/30.out,228263,61668,9,12495,79,2474124,221665,39702,2579,152,725,296,2958,928,31790,389,26
./funclen/3.in/0.out,199753,54731,9,6181,90,2493575,222173,36299,2242,153,797,305,2971,880,28706,362,23
./funclen/3.in/1.out,199753,54731,9,6181,90,2456984,189394,36274,2251,162,797,291,2977,884,28674,363,24
./funclen/3.in/2.out,199753,54731,9,6181,90,2444078,191901,35287,2269,157,793,298,2990,869,27667,368,22
./funclen/3.in/3.out,199753,54731,9,6181,90,2483571,219212,35659,2303,161,855,312,3126,899,27763,366,24
./funclen/3.in/4.out,199753,54731,9,6181,90,2461821,189938,36677,2683,152,791,293,2964,871,28670,367,24
./funclen/3.in/5.out,199753,54731,9,6181,90,2462089,192705,36438,2318,159,834,296,2982,876,28723,372,24
./funclen/3.in/6.out,199753,54731,9,6181,90,2480332,219591,35297,2256,157,804,297,2993,883,27665,366,23
./funclen/3.in/7.out,199753,54731,9,6181,90,2472108,219735,35494,2302,166,792,328,3095,883,27696,364,24
./funclen/3.in/8.out,199753,54731,9,6181,90,2481674,217797,35324,2253,158,798,295,2997,874,27703,370,24
./funclen/3.in/9.out,199753,54731,9,6181,90,2448042,191525,35356,2248,154,806,295,3002,891,27713,367,22
./funclen/3.in/10.out,199753,54731,9,6181,90,2464557,208032,35308,2248,152,807,299,2990,872,27691,365,25
./funclen/3.in/11.out,199753,54731,9,6181,90,2444492,189998,35271,2247,155,802,293,2978,868,27682,367,23
./funclen/3.in/12.out,199753,54731,9,6181,90,2464058,191086,35364,2246,153,824,305,3000,873,27715,368,22
./funclen/3.in/13.out,199753,54731,9,6181,90,2457535,208381,35363,2265,156,808,295,2999,863,27738,361,22
./funclen/3.in/14.out,199753,54731,9,6181,90,2447004,193244,36454,2272,171,799,298,3099,888,28693,367,25
./funclen/3.in/15.out,199753,54731,9,6181,90,2441273,191938,35342,2236,156,795,296,3014,885,27713,368,23
./funclen/3.in/16.out,199753,54731,9,6181,90,2499162,220529,35290,2220,153,800,295,2987,865,27725,362,23
./funclen/3.in/17.out,199753,54731,9,6181,90,2459044,191100,35278,2251,156,792,301,2984,886,27666,364,22
./funclen/3.in/18.out,199753,54731,9,6181,90,2480919,217914,37604,2628,190,1070,376,3713,986,28343,448,26
./funclen/3.in/19.out,199753,54731,9,6181,90,2446632,192189,35318,2238,157,798,297,2985,880,27725,362,22
./funclen/3.in/20.out,199753,54731,9,6181,90,2475850,218217,35401,2251,163,809,301,3052,867,27722,366,22
./funclen/3.in/21.out,199753,54731,9,6181,90,2446784,191667,35314,2238,151,807,297,2984,864,27720,368,23
./funclen/3.in/22.out,199753,54731,9,6181,90,2477363,219267,36300,2244,160,801,299,2980,876,28702,364,23
./funclen/3.in/23.out,199753,54731,9,6181,90,2448815,192982,36364,2263,164,797,298,3001,865,28746,359,23
./funclen/3.in/24.out,199753,54731,9,6181,90,2459574,195024,35318,2264,154,801,294,2987,871,27704,362,23
./funclen/3.in/25.out,199753,54731,9,6181,90,2491239,225313,35388,2247,156,829,306,3032,890,27685,365,23
./funclen/3.in/26.out,199753,54731,9,6181,90,2449760,194356,35312,2255,154,797,292,2969,874,27727,363,23
./funclen/3.in/27.out,199753,54731,9,6181,90,2495744,220094,35300,2255,159,805,297,2979,870,27692,367,23
./funclen/3.in/28.out,199753,54731,9,6181,90,2468874,192129,35332,2276,157,807,302,2980,877,27692,363,23
./funclen/3.in/29.out,199753,54731,9,6181,90,2467695,192599,35285,2275,163,790,293,2974,876,27678,364,23
./funclen/3.in/30.out,199753,54731,9,6181,90,2471492,218529,36381,2271,163,797,302,2981,867,28762,366,23
./funclen/4.in/0.out,173856,41508,9,2513,164,2468105,211381,41311,1988,162,556,216,2933,950,34019,616,22
./funclen/4.in/1.out,173856,41508,9,2513,164,2443120,187514,41237,1968,153,550,220,2930,935,33975,625,21
./funclen/4.in/2.out,173856,41508,9,2513,164,2458744,190350,41268,1997,163,552,220,2922,923,34009,612,22
./funclen/4.in/3.out,173856,41508,9,2513,164,2445210,187365,41134,1969,158,556,214,2899,928,33924,612,21
./funclen/4.in/4.out,173856,41508,9,2513,164,2450281,187846,41227,1968,154,557,218,2910,948,33976,617,21
./funclen/4.in/5.out,173856,41508,9,2513,164,2434546,187551,41211,1966,156,552,218,2921,943,33952,623,23
./funclen/4.in/6.out,173856,41508,9,2513,164,2424300,158588,41202,1960,153,552,219,2905,949,33973,613,21
./funclen/4.in/7.out,173856,41508,9,2513,164,2430392,157136,40221,1966,161,559,220,2923,943,32960,617,21
./funclen/4.in/8.out,173856,41508,9,2513,164,2437776,188106,41139,1966,157,558,216,2899,925,33928,613,22
./funclen/4.in/9.out,173856,41508,9,2513,164,2417874,159071,41246,1954,156,548,224,2920,952,33991,623,22
./funclen/4.in/10.out,173856,41508,9,2513,164,2439019,183929,40140,1956,155,548,220,2917,933,32913,618,23
./funclen/4.in/11.out,173856,41508,9,2513,164,2405817,158778,41250,1974,159,557,225,2936,927,33955,642,23
./funclen/4.in/12.out,173856,41508,9,2513,164,2472357,158766,41244,1979,157,551,224,2934,941,33966,613,23
./funclen/4.in/13.out,173856,41508,9,2513,164,2436276,159618,41146,1962,150,553,218,2904,938,33929,609,21
./funclen/4.in/14.out,173856,41508,9,2513,164,2413705,156418,43335,2288,209,728,277,3655,1056,34518,776,24
./funclen/4.in/15.out,173856,41508,9,2513,164,2406184,161707,40098,1965,158,565,218,2912,928,32858,619,22
./funclen/4.in/16.out,173856,41508,9,2513,164,2424493,156694,40211,1969,161,552,219,2912,929,32980,617,21
./funclen/4.in/17.out,173856,41508,9,2513,164,2428792,159751,44775,1961,155,653,217,7268,992,33030,620,21
./funclen/4.in/18.out,173856,41508,9,2513,164,2468815,187421,41292,1965,158,550,220,2910,955,34043,615,22
./funclen/4.in/19.out,173856,41508,9,2513,164,2426975,160566,41243,1979,165,556,218,2903,942,33992,620,21
./funclen/4.in/20.out,173856,41508,9,2513,164,2439595,188100,41263,1993,160,546,222,2921,948,33986,615,21
./funclen/4.in/21.out,173856,41508,9,2513,164,2414771,157894,40141,1965,160,559,218,2896,947,32919,606,21
./funclen/4.in/22.out,173856,41508,9,2513,164,2440307,174572,40240,1980,159,558,218,2899,930,33001,621,21
./funclen/4.in/23.out,173856,41508,9,2513,164,2408899,160050,41183,1959,159,553,218,2926,930,33945,620,22
./funclen/4.in/24.out,173856,41508,9,2513,164,2420679,159318,41358,1990,161,569,220,2976,964,33993,613,21
./funclen/4.in/25.out,173856,41508,9,2513,164,2416388,159128,40177,1957,156,546,227,2921,925,32949,618,23
./funclen/4.in/26.out,173856,41508,9,2513,164,2421955,157817,40237,1972,162,555,219,2998,931,32913,615,21
./funclen/4.in/27.out,173856,41508,9,2513,164,2495162,208323,41384,1972,166,553,222,3000,948,34039,616,22
./funclen/4.in/28.out,173856,41508,9,2513,164,2402140,160472,41208,1953,155,566,215,2951,932,33942,614,22
./funclen/4.in/29.out,173856,41508,9,2513,164,2440627,175293,41296,1972,155,548,218,2946,934,34021,623,22
./funclen/4.in/30.out,173856,41508,9,2513,164,2404287,158652,41168,1959,157,554,219,2919,953,33925,606,22
./funclen/5.in/0.out,164527,38851,9,1539,214,2436764,168677,44737,1868,162,554,218,2574,901,37970,619,21
./funclen/5.in/1.out,164527,38851,9,1539,214,2454618,168320,44616,1923,169,558,219,2565,895,37804,618,22
./funclen/5.in/2.out,164527,38851,9,1539,214,2456626,171339,44728,1880,155,558,217,2580,901,37939,617,23
./funclen/5.in/3.out,164527,38851,9,1539,214,2424304,169224,44581,1849,153,559,215,2545,898,37869,613,21
./funclen/5.in/4.out,164527,38851,9,1539,214,2404549,139928,44633,1867,160,549,217,2560,909,37881,618,21
./funclen/5.in/5.out,164527,38851,9,1539,214,2416094,140349,44561,1872,160,566,222,2547,915,37779,625,22
./funclen/5.in/6.out,164527,38851,9,1539,214,2427284,170370,43597,1904,162,548,224,2573,898,36800,617,21
./funclen/5.in/7.out,164527,38851,9,1539,214,2408159,141526,44900,1876,162,557,216,2637,896,38045,639,21
./funclen/5.in/8.out,164527,38851,9,1539,214,2458716,171012,43605,1881,159,559,224,2566,899,36827,615,22
./funclen/5.in/9.out,164527,38851,9,1539,214,2422234,169409,44526,1856,161,550,225,2554,902,37793,613,21
./funclen/5.in/10.out,164527,38851,9,1539,214,2402645,141176,43580,1857,160,552,213,2565,909,36836,615,21
./funclen/5.in/11.out,164527,38851,9,1539,214,2417517,167783,44660,1873,160,551,219,2572,914,37878,620,21
./funclen/5.in/12.out,164527,38851,9,1539,214,2419778,142405,44703,1910,158,548,216,2553,898,37929,616,22
./funclen/5.in/13.out,164527,38851,9,1539,214,2443279,170654,44648,1874,154,559,218,2549,904,37893,617,22
./funclen/5.in/14.out,164527,38851,9,1539,214,2405548,141744,44625,1856,157,558,218,2561,904,37873,621,22
./funclen/5.in/15.out,164527,38851,9,1539,214,2446167,168897,44638,1872,160,553,219,2559,902,37883,616,22
./funclen/5.in/16.out,164527,38851,9,1539,214,2404754,141348,44628,1855,154,553,216,2560,908,37893,609,22
./funclen/5.in/17.out,164527,38851,9,1539,214,2437057,169747,44610,1876,157,565,217,2571,911,37815,622,22
./funclen/5.in/18.out,164527,38851,9,1539,214,2435697,169193,44602,1861,165,559,215,2568,906,37848,612,21
./funclen/5.in/19.out,164527,38851,9,1539,214,2436680,173555,44576,1865,161,555,214,2549,899,37846,614,22
./funclen/5.in/20.out,164527,38851,9,1539,214,2451660,173133,44616,1865,153,549,217,2624,904,37807,618,21
./funclen/5.in/21.out,164527,38851,9,1539,214,2432573,168532,44857,1872,167,554,219,2560,1075,37925,618,21
./funclen/5.in/22.out,164527,38851,9,1539,214,2437070,169097,44587,1876,159,552,220,2564,909,37819,613,22
./funclen/5.in/23.out,164527,38851,9,1539,214,2433035,170413,43659,1854,159,552,213,2594,917,36876,620,21
./funclen/5.in/24.out,164527,38851,9,1539,214,2410517,141716,44642,1859,163,558,218,2575,908,37868,621,23
./funclen/5.in/25.out,164527,38851,9,1539,214,2440873,171139,44589,1875,157,550,216,2560,915,37826,614,22
./funclen/5.in/26.out,164527,38851,9,1539,214,2411095,142165,44642,1838,156,562,214,2559,903,37914,617,22
./funclen/5.in/27.out,164527,38851,9,1539,214,2430001,167799,44652,1938,158,550,229,2572,903,37810,612,25
./funclen/5.in/28.out,164527,38851,9,1539,214,2423692,167691,43581,1868,155,550,224,2563,889,36840,613,23
./funclen/5.in/29.out,164527,38851,9,1539,214,2442205,171343,44605,1868,158,557,217,2560,905,37843,621,22
./funclen/5.in/30.out,164527,38851,9,1539,214,2453535,167290,43479,1869,166,551,216,2567,898,36726,619,21
./funclen/6.in/0.out,123281,31352,9,497,402,2429095,130875,70251,1381,40,488,221,2315,850,64372,591,21
./funclen/6.in/1.out,123281,31352,9,497,402,2449370,129690,69092,1385,42,488,226,2316,853,63202,591,20
./funclen/6.in/2.out,123281,31352,9,497,402,2404436,103559,69091,1358,39,489,218,2311,850,63244,589,21
./funclen/6.in/3.out,123281,31352,9,497,402,2407587,103468,70083,1383,40,495,213,2313,852,64203,594,19
./funclen/6.in/4.out,123281,31352,9,497,402,2418966,129019,70109,1363,40,492,221,2320,857,64228,596,19
./funclen/6.in/5.out,123281,31352,9,497,402,2424501,133313,70266,1395,43,493,220,2329,849,64351,598,19
./funclen/6.in/6.out,123281,31352,9,497,402,2417600,134705,70115,1367,39,485,220,2306,850,64262,594,20
./funclen/6.in/7.out,123281,31352,9,497,402,2419237,132338,70185,1376,41,496,211,2322,863,64210,677,20
./funclen/6.in/8.out,123281,31352,9,497,402,2414151,131324,70148,1377,41,495,219,2313,853,64194,667,19
./funclen/6.in/9.out,123281,31352,9,497,402,2422686,132748,69941,1380,39,496,212,2331,845,64049,594,22
./funclen/6.in/10.out,123281,31352,9,497,402,2428851,129159,70078,1367,41,486,217,2329,842,64215,592,19
./funclen/6.in/11.out,123281,31352,9,497,402,2400785,102215,70124,1373,40,490,218,2304,851,64265,592,19
./funclen/6.in/12.out,123281,31352,9,497,402,2424293,134111,70020,1399,41,497,211,2323,858,64109,592,19
./funclen/6.in/13.out,123281,31352,9,497,402,2420236,130912,70014,1354,40,493,218,2313,856,64156,592,19
./funclen/6.in/14.out,123281,31352,9,497,402,2427626,133284,70169,1366,40,499,220,2331,856,64272,594,21
./funclen/6.in/15.out,123281,31352,9,497,402,2415903,102902,69918,1362,39,493,218,2333,842,64046,593,19
./funclen/6.in/16.out,123281,31352,9,497,402,2380859,101763,70161,1381,42,490,213,2323,855,64272,595,21
./funclen/6.in/17.out,123281,31352,9,497,402,2424142,133748,70262,1381,41,493,221,2307,856,64375,599,19
./funclen/6.in/18.out,123281,31352,9,497,402,2388044,103825,70030,1380,42,489,210,2338,859,64134,589,20
./funclen/6.in/19.out,123281,31352,9,497,402,2440071,133057,70158,1373,41,499,216,2320,853,64263,602,20
./funclen/6.in/20.out,123281,31352,9,497,402,2383684,102169,69083,1378,40,495,218,2305,848,63210,597,19
./funclen/6.in/21.out,123281,31352,9,497,402,2431034,132003,70248,1380,41,490,210,2333,853,64354,595,20
./funclen/6.in/22.out,123281,31352,9,497,402,2391254,103934,69163,1367,41,497,215,2321,860,63273,599,19
./funclen/6.in/23.out,123281,31352,9,497,402,2433278,131925,69215,1387,40,491,220,2330,866,63297,592,20
./funclen/6.in/24.out,123281,31352,9,497,402,2393663,102100,69222,1377,40,485,212,2338,848,63250,678,19
./funclen/6.in/25.out,123281,31352,9,497,402,2429776,130552,70300,1389,43,499,213,2306,871,64400,590,20
./funclen/6.in/26.out,123281,31352,9,497,402,2403421,102956,70215,1370,40,496,222,2341,875,64283,597,19
./funclen/6.in/27.out,123281,31352,9,497,402,2442812,129150,70303,1391,41,496,226,2322,857,64385,595,20
./funclen/6.in/28.out,123281,31352,9,497,402,2423012,130128,70344,1371,39,489,214,2325,854,64391,668,20
./funclen/6.in/29.out,123281,31352,9,497,402,2451519,132635,70063,1375,41,495,212,2306,863,64191,589,20
./funclen/6.in/30.out,123281,31352,9,497,402,2395400,102841,69069,1377,38,499,214,2304,853,63200,590,20
./funclen/7.in/0.out,121211,31849,9,251,657,2531804,134194,108507,1358,43,499,223,2305,847,101823,1422,19
./funclen/7.in/1.out,121211,31849,9,251,657,2607712,130613,108673,1401,42,519,216,2367,864,101815,1457,21
./funclen/7.in/2.out,121211,31849,9,251,657,2558198,138879,110853,1346,41,482,215,2290,849,103569,2071,19
./funclen/7.in/3.out,121211,31849,9,251,657,2452713,99357,108373,1338,46,499,217,2308,851,101728,1402,19
./funclen/7.in/4.out,121211,31849,9,251,657,2454456,124510,108329,1344,43,499,215,2317,857,101647,1418,20
./funclen/7.in/5.out,121211,31849,9,251,657,2443015,128563,108267,1359,41,497,225,2307,837,101594,1418,19
./funclen/7.in/6.out,121211,31849,9,251,657,2472974,130781,108321,1362,43,500,216,2323,856,101605,1427,19
./funclen/7.in/7.out,121211,31849,9,251,657,2451334,128866,108521,1340,40,489,222,2321,843,101835,1439,20
./funclen/7.in/8.out,121211,31849,9,251,657,2469105,126410,110895,1557,50,653,272,2865,959,102916,1637,21
./funclen/7.in/9.out,121211,31849,9,251,657,2448542,128431,108437,1351,44,489,220,2388,846,101708,1405,18
./funclen/7.in/10.out,121211,31849,9,251,657,2472310,128622,108330,1346,44,497,214,2307,848,101663,1423,20
./funclen/7.in/11.out,121211,31849,9,251,657,2467659,127550,108381,1347,44,526,224,2314,861,101646,1431,19
./funclen/7.in/12.out,121211,31849,9,251,657,2449323,126666,108342,1343,40,495,217,2325,844,101666,1420,19
./funclen/7.in/13.out,121211,31849,9,251,657,2461083,128351,108310,1351,39,491,211,2315,844,101653,1414,20
./funclen/7.in/14.out,121211,31849,9,251,657,2471439,126771,108326,1341,40,496,220,2330,842,101656,1410,19
./funclen/7.in/15.out,121211,31849,9,251,657,2464206,130021,108447,1348,40,503,215,2331,1007,101594,1412,25
./funclen/7.in/16.out,121211,31849,9,251,657,2456279,126273,108476,1344,41,503,213,2321,844,101808,1410,21
./funclen/7.in/17.out,121211,31849,9,251,657,2480174,127939,108507,1362,41,502,209,2327,842,101804,1431,20
./funclen/7.in/18.out,121211,31849,9,251,657,2456069,129596,108327,1348,40,494,226,2290,836,101696,1408,19
./funclen/7.in/19.out,121211,31849,9,251,657,2456055,127918,107555,1341,41,488,218,2316,843,100905,1415,18
./funclen/7.in/20.out,121211,31849,9,251,657,2455482,128488,108554,1349,38,488,225,2316,837,101899,1406,21
./funclen/7.in/21.out,121211,31849,9,251,657,2458670,128083,108325,1350,41,487,228,2296,841,101671,1421,18
./funclen/7.in/22.out,121211,31849,9,251,657,2420526,99630,107264,1335,39,495,217,2320,856,100598,1411,20
./funclen/7.in/23.out,121211,31849,9,251,657,2464693,124074,108809,1700,43,713,220,2299,851,101576,1418,21
./funclen/7.in/24.out,121211,31849,9,251,657,2453849,131813,108274,1343,41,492,219,2319,836,101623,1411,19
./funclen/7.in/25.out,121211,31849,9,251,657,2474798,129633,108319,1345,41,492,217,2314,835,101668,1417,19
./funclen/7.in/26.out,121211,31849,9,251,657,2449074,129352,108166,1357,40,501,217,2315,850,101495,1400,19
./funclen/7.in/27.out,121211,31849,9,251,657,2467792,126787,107235,1350,41,496,208,2316,840,100587,1408,19
./funclen/7.in/28.out,121211,31849,9,251,657,2433182,100159,108580,1354,40,501,214,2318,849,101912,1400,20
./funclen/7.in/29.out,121211,31849,9,251,657,2448463,129113,108264,1347,41,488,223,2307,844,101610,1412,20
./funclen/7.in/30.out,121211,31849,9,251,657,2451408,125628,108262,1345,43,497,219,2317,838,101608,1407,19
./funclen/8.in/0.out,141181,37605,9,100,1740,2593435,143799,224525,1509,40,578,296,2585,896,218027,602,19
./funclen/8.in/1.out,141181,37605,9,100,1740,2548388,115214,219678,1521,43,582,290,2605,890,213157,599,21
./funclen/8.in/2.out,141181,37605,9,100,1740,2599968,148396,231951,1522,41,583,292,2596,903,225339,665,21
./funclen/8.in/3.out,141181,37605,9,100,1740,2575882,145943,225269,1502,46,572,291,2625,890,218757,599,20
./funclen/8.in/4.out,141181,37605,9,100,1740,2545637,115489,221042,1492,41,569,303,2602,896,214546,601,20
./funclen/8.in/5.out,141181,37605,9,100,1740,2547516,115023,218669,1499,41,588,292,2601,898,212148,611,21
./funclen/8.in/6.out,141181,37605,9,100,1740,2587153,141783,230777,1510,43,588,292,2600,894,224248,612,20
./funclen/8.in/7.out,141181,37605,9,100,1740,2560429,116119,228377,1488,40,580,291,2619,890,221868,606,22
./funclen/8.in/8.out,141181,37605,9,100,1740,2580889,147453,218469,1516,41,578,293,2596,893,211957,602,20
./funclen/8.in/9.out,141181,37605,9,100,1740,2559872,116258,230740,1503,41,585,296,3096,888,223731,607,21
./funclen/8.in/10.out,141181,37605,9,100,1740,2574214,116835,231669,1517,40,587,301,2605,901,225109,613,21
./funclen/8.in/11.out,141181,37605,9,100,1740,2588355,141752,222100,1544,40,588,296,2598,893,215548,600,21
./funclen/8.in/12.out,141181,37605,9,100,1740,2596431,144907,229647,1515,42,576,303,2593,906,223108,611,22
./funclen/8.in/13.out,141181,37605,9,100,1740,2555522,116460,228449,1500,42,589,297,2584,903,221941,602,20
./funclen/8.in/14.out,141181,37605,9,100,1740,2545991,114915,223744,1498,41,582,294,2601,899,217237,600,19
./funclen/8.in/15.out,141181,37605,9,100,1740,2556998,114941,223332,1514,44,585,305,2592,881,215326,2092,22
./funclen/8.in/16.out,141181,37605,9,100,1740,2605057,143163,230878,1519,43,575,298,2915,904,224024,608,21
./funclen/8.in/17.out,141181,37605,9,100,1740,2555931,116853,227544,1511,43,578,293,2601,894,221036,597,22
./funclen/8.in/18.out,141181,37605,9,100,1740,2574018,146584,218183,1512,40,588,292,2592,901,211657,609,19
./funclen/8.in/19.out,141181,37605,9,100,1740,2583598,147133,230560,1505,41,760,306,2605,893,223847,610,21
./funclen/8.in/20.out,141181,37605,9,100,1740,2590617,144726,225909,1524,42,579,300,2619,890,219357,607,20
./funclen/8.in/21.out,141181,37605,9,100,1740,2591122,146479,221146,1570,40,590,293,2590,903,214556,611,20
./funclen/8.in/22.out,141181,37605,9,100,1740,2600645,146801,230789,1530,41,585,299,2610,892,224219,621,21
./funclen/8.in/23.out,141181,37605,9,100,1740,2585448,143256,222111,1513,42,578,297,2607,887,215591,603,22
./funclen/8.in/24.out,141181,37605,9,100,1740,2594584,145026,230010,1524,44,574,291,2594,899,223488,606,21
./funclen/8.in/25.out,141181,37605,9,100,1740,2544124,116046,230210,1506,41,579,293,2593,896,223693,614,21
./funclen/8.in/26.out,141181,37605,9,100,1740,2588174,146242,223824,1531,40,589,294,2608,891,217272,605,21
./funclen/8.in/27.out,141181,37605,9,100,1740,2530777,116126,220270,1517,40,580,304,2598,891,213735,611,20
./funclen/8.in/28.out,141181,37605,9,100,1740,2603297,144267,229917,1521,41,586,298,2609,894,223361,613,21
./funclen/8.in/29.out,141181,37605,9,100,1740,2583948,143540,224507,1527,42,577,304,2611,891,217964,599,22
./funclen/8.in/30.out,141181,37605,9,100,1740,2597514,114973,230460,1512,42,583,295,2588,882,223927,640,20
./shape/1.in/0.out,939825,247606,9,25089,110,3368557,1097570,85585,7068,228,1377,365,5436,1958,68328,980,62
./shape/1.in/1.out,939825,247606,9,25089,110,3374647,1106574,85695,7134,229,1383,377,5437,1955,68357,976,64
./shape/1.in/2.out,939825,247606,9,25089,110,3346823,1102360,85229,6682,228,1379,377,5415,1961,68352,987,63
./shape/1.in/3.out,939825,247606,9,25089,110,3382507,1101376,85679,7148,227,1376,368,5411,1961,68355,984,64
./shape/1.in/4.out,939825,247606,9,25089,110,3368426,1095033,86726,7073,224,1386,371,5418,1958,69468,978,62
./shape/1.in/5.out,939825,247606,9,25089,110,3363286,1097822,85748,7203,222,1382,374,5440,1948,68345,981,62
./shape/1.in/6.out,939825,247606,9,25089,110,3375600,1090397,85704,7116,226,1378,374,5432,1955,68391,983,63
./shape/1.in/7.out,939825,247606,9,25089,110,3371155,1097347,86325,6733,226,1381,373,5424,1946,69401,991,63
./shape/1.in/8.out,939825,247606,9,25089,110,3333024,1066297,85910,7261,233,1380,372,5446,1962,68427,987,63
./shape/1.in/9.out,939825,247606,9,25089,110,3374018,1111977,86920,7285,222,1395,375,5443,1957,69413,976,63
./shape/1.in/10.out,939825,247606,9,25089,110,3384874,1110289,85462,6843,238,1376,376,5448,1958,68403,982,63
./shape/1.in/11.out,939825,247606,9,25089,110,3351914,1079872,85859,7243,229,1381,369,5424,1970,68414,982,63
./shape/1.in/12.out,939825,247606,9,25089,110,3365405,1110307,85859,7237,224,1380,370,5461,1960,68392,984,63
./shape/1.in/13.out,939825,247606,9,25089,110,3336975,1084102,85850,7216,231,1390,368,5433,1963,68426,980,63
./shape/1.in/14.out,939825,247606,9,25089,110,3321490,1067932,86788,7212,229,1384,373,5441,1952,69365,984,63
./shape/1.in/15.out,939825,247606,9,25089,110,3357021,1096127,85789,7167,235,1383,373,5451,1954,68405,984,62
./shape/1.in/16.out,939825,247606,9,25089,110,3358153,1100781,86721,7159,228,1389,366,5422,1962,69372,977,62
./shape/1.in/17.out,939825,247606,9,25089,110,3348492,1085250,85759,7202,228,1387,368,5434,1963,68345,984,62
./shape/1.in/18.out,939825,247606,9,25089,110,3362495,1100288,85666,7158,228,1378,379,5421,1946,68334,975,62
./shape/1.in/19.out,939825,247606,9,25089,110,3351946,1080497,86858,7223,234,1384,390,5422,1974,69407,983,62
./shape/1.in/20.out,939825,247606,9,25089,110,3362911,1112109,85340,6777,233,1389,364,5464,1961,68327,984,62
./shape/1.in/21.out,939825,247606,9,25089,110,3377685,1105968,86796,7225,235,1380,373,5438,1960,69360,985,63
./shape/1.in/22.out,939825,247606,9,25089,110,3362712,1107230,85926,7263,232,1382,369,5446,1956,68449,985,64
./shape/1.in/23.out,939825,247606,9,25089,110,3356514,1107107,85394,6795,230,1390,373,5445,1952,68378,984,63
./shape/1.in/24.out,939825,247606,9,25089,110,3388306,1120664,85735,7136,230,1380,374,5445,1959,68386,981,64
./shape/1.in/25.out,939825,247606,9,25089,110,3347499,1070216,88065,8359,313,1918,476,5810,1967,68472,986,63
./shape/1.in/26.out,939825,247606,9,25089,110,3347148,1072290,85738,7133,232,1372,373,5452,1974,68362,998,62
./shape/1.in/27.out,939825,247606,9,25089,110,3358481,1096835,85614,7109,227,1384,367,5421,1949,68332,977,63
./shape/1.in/28.out,939825,247606,9,25089,110,3364128,1102695,85729,7121,228,1386,379,5418,1959,68410,981,63
./shape/1.in/29.out,939825,247606,9,25089,110,3330259,1061138,86690,7115,228,1381,371,5450,1966,69344,987,62
./shape/1.in/30.out,939825,247606,9,25089,110,3410836,1099171,85576,6979,235,1419,372,5495,1953,68292,989,64
./shape/2.in/0.out,825604,156257,19,40014,1190,4096097,962065,962541,6230,223,1369,362,6125,3921,943588,876,57
./shape/2.in/1.out,825604,156257,19,40014,1190,4110016,950565,963936,6760,225,1386,374,6116,3927,944438,867,56
./shape/2.in/2.out,825604,156257,19,40014,1190,4094816,954578,962717,6719,225,1375,368,6105,3931,943277,873,56
./shape/2.in/3.out,825604,156257,19,40014,1190,4078056,942209,964485,6706,222,1397,374,6247,4109,944709,874,56
./shape/2.in/4.out,825604,156257,19,40014,1190,4092308,946237,963467,6313,222,1380,366,6119,3959,944386,875,56
./shape/2.in/5.out,825604,156257,19,40014,1190,4091688,954512,963752,6752,225,1375,366,6118,3920,944283,870,56
./shape/2.in/6.out,825604,156257,19,40014,1190,4074987,952537,964752,6694,223,1366,365,6146,3928,945309,873,57
./shape/2.in/7.out,825604,156257,19,40014,1190,4115791,954722,965410,6775,224,1368,355,6126,3932,945911,875,57
./shape/2.in/8.out,825604,156257,19,40014,1190,4092438,967204,965531,6709,229,1364,362,6144,3930,946082,872,55
./shape/2.in/9.out,825604,156257,19,40014,1190,4114561,947160,964168,6695,232,1362,357,6092,3931,944784,877,57
./shape/2.in/10.out,825604,156257,19,40014,1190,4104180,954107,963611,6628,220,1368,360,6103,3919,944289,874,57
./shape/2.in/11.out,825604,156257,19,40014,1190,4082811,950481,963320,6629,221,1369,364,6082,3939,943995,872,57
./shape/2.in/12.out,825604,156257,19,40014,1190,4052742,938207,965322,6675,225,1371,364,6130,3942,945897,872,56
./shape/2.in/13.out,825604,156257,19,40014,1190,4102275,948075,963047,6674,225,1375,367,6110,3965,943615,871,57
./shape/2.in/14.out,825604,156257,19,40014,1190,4041691,916667,963612,6676,225,1374,359,6107,3912,944241,875,56
./shape/2.in/15.out,825604,156257,19,40014,1190,4091963,948865,966025,6712,229,1363,358,6111,3932,946603,877,57
./shape/2.in/16.out,825604,156257,19,40014,1190,4119029,966025,961771,6270,228,1365,361,6100,3934,942796,875,57
./shape/2.in/17.out,825604,156257,19,40014,1190,4110373,957961,963840,6686,222,1367,358,6092,3912,944481,873,57
./shape/2.in/18.out,825604,156257,19,40014,1190,4093842,954599,963826,6678,224,1364,365,6076,3948,944450,874,57
./shape/2.in/19.out,825604,156257,19,40014,1190,4068722,939506,965024,6661,224,1370,358,6094,3943,945654,874,57
./shape/2.in/20.out,825604,156257,19,40014,1190,4090663,946530,963690,6662,225,1377,357,6100,3912,944336,877,56
./shape/2.in/21.out,825604,156257,19,40014,1190,4057134,940984,964869,6163,221,1370,363,6100,3927,945998,878,56
./shape/2.in/22.out,825604,156257,19,40014,1190,4076652,942283,964546,6184,227,1356,363,6097,3931,945671,875,56
./shape/2.in/23.out,825604,156257,19,40014,1190,4029837,911579,964404,6597,220,1369,357,6097,3934,945107,873,56
./shape/2.in/24.out,825604,156257,19,40014,1190,4050164,935104,964308,6136,220,1374,357,6144,3933,945421,875,56
./shape/2.in/25.out,825604,156257,19,40014,1190,4137166,944368,965852,6600,224,1365,362,6101,3932,946547,875,57
./shape/2.in/26.out,825604,156257,19,40014,1190,4042914,918096,964392,6589,224,1366,357,6114,3931,945092,873,58
./shape/2.in/27.out,825604,156257,19,40014,1190,4053799,915442,965683,6178,230,1363,359,6125,3955,946754,879,57
./shape/2.in/28.out,825604,156257,19,40014,1190,4055314,914952,963474,6630,224,1371,359,6100,3943,944128,874,56
./shape/2.in/29.out,825604,156257,19,40014,1190,4115945,953418,963865,6589,221,1374,359,6106,3932,944560,874,56
./shape/2.in/30.out,825604,156257,19,40014,1190,4061249,942027,963846,6614,225,1371,370,6116,3910,944522,873,58
./shape/3.in/0.out,809010,144621,34,16474,115015,48591977,919414,45515082,5842,224,1343,359,7885,6875,45491990,721,52
./shape/3.in/1.out,809010,144621,34,16474,115015,48673081,917286,45597622,6303,227,1355,353,8027,6859,45573934,725,49
./shape/3.in/2.out,809010,144621,34,16474,115015,48614497,915142,45541364,6243,216,1328,352,7878,6888,45517873,737,49
./shape/3.in/3.out,809010,144621,34,16474,115015,48683085,917900,45623123,6252,221,1332,358,7865,6900,45599597,750,52
./shape/3.in/4.out,809010,144621,34,16474,115015,48607071,888117,45559911,6265,219,1327,351,7900,6886,45536384,729,53
./shape/3.in/5.out,809010,144621,34,16474,115015,48584775,917492,45521881,5849,216,1326,346,7877,6890,45498798,724,50
./shape/3.in/6.out,809010,144621,34,16474,115015,48647573,918919,45593781,6275,219,1330,365,7855,6893,45570268,729,50
./shape/3.in/7.out,809010,144621,34,16474,115015,48613619,914226,45554261,6248,222,1334,355,7982,6909,45530643,723,51
./shape/3.in/8.out,809010,144621,34,16474,115015,48559836,906693,45510737,6248,219,1365,351,10345,6910,45484722,730,50
./shape/3.in/9.out,809010,144621,34,16474,115015,48691374,920655,45615800,6236,215,1329,371,7912,6879,45592282,727,48
./shape/3.in/10.out,809010,144621,34,16474,115015,48724459,915081,45645789,6247,221,1324,353,7874,6884,45622311,728,50
./shape/3.in/11.out,809010,144621,34,16474,115015,48569100,882057,45536137,5847,216,1329,353,7899,9970,45509950,722,51
./shape/3.in/12.out,809010,144621,34,16474,115015,48649615,886067,45622769,6254,228,1320,359,7877,6940,45599225,728,49
./shape/3.in/13.out,809010,144621,34,16474,115015,48603705,885357,45566624,7465,294,1752,449,9083,7153,45539928,726,49
./shape/3.in/14.out,809010,144621,34,16474,115015,48660359,906265,45594189,6381,225,1396,359,7973,6880,45570401,730,51
./shape/3.in/15.out,809010,144621,34,16474,115015,48635668,922249,45571338,6283,219,1334,360,7893,6883,45547783,736,50
./shape/3.in/16.out,809010,144621,34,16474,115015,48718603,906165,45618059,10405,356,1326,356,7874,6890,45590416,723,50
./shape/3.in/17.out,809010,144621,34,16474,115015,48628511,883415,45596159,6229,216,1321,356,7845,6881,45572734,726,50
./shape/3.in/18.out,809010,144621,34,16474,115015,48587702,922154,45511985,6352,235,1382,464,7980,6853,45488155,724,51
./shape/3.in/19.out,809010,144621,34,16474,115015,48654369,913066,45578916,7238,218,1319,363,7886,6893,45554391,757,50
./shape/3.in/20.out,809010,144621,34,16474,115015,48894290,974747,45629868,5972,227,1382,387,7911,6906,45606506,735,50
./shape/3.in/21.out,809010,144621,34,16474,115015,48565223,930289,45496338,6256,217,1336,357,7896,6898,45472805,723,49
./shape/3.in/22.out,809010,144621,34,16474,115015,48677175,916322,45610588,7886,216,1337,352,7858,6887,45585472,725,49
./shape/3.in/23.out,809010,144621,34,16474,115015,48591862,921486,45528205,7961,220,1325,348,7871,6890,45503022,722,50
./shape/3.in/24.out,809010,144621,34,16474,115015,48626799,892139,45581534,6293,215,1326,353,7853,6880,45558042,722,49
./shape/3.in/25.out,809010,144621,34,16474,115015,48584238,916503,45518210,6254,217,1321,358,7859,6876,45494747,728,50
./shape/3.in/26.out,809010,144621,34,16474,115015,48622854,926370,45559359,6293,224,1323,348,7882,6876,45535844,727,50
./shape/3.in/27.out,809010,144621,34,16474,115015,48666498,941735,45585384,6255,217,1339,350,7895,6882,45561870,725,50
./shape/3.in/28.out,809010,144621,34,16474,115015,48670591,911880,45592382,7594,225,1326,351,7920,6881,45567500,740,51
./shape/3.in/29.out,809010,144621,34,16474,115015,48739553,921345,45665875,6325,222,1328,351,7873,6879,45642321,731,49
./shape/3.in/30.out,809010,144621,34,16474,115015,48652403,917307,45571214,6271,220,1328,350,7908,6872,45547686,732,51
./shape/4.in/0.out,669149,124725,36,25087,243973,124313507,698509,121435761,5846,346,1396,352,7617,7527,121412342,622,43
./shape/4.in/1.out,669149,124725,36,25087,243973,124302535,704858,121437844,5798,329,1355,351,7650,7560,121414451,619,45
./shape/4.in/2.out,669149,124725,36,25087,243973,124355736,693915,121500456,5799,325,1346,363,7641,7544,121477055,644,45
./shape/4.in/3.out,669149,124725,36,25087,243973,124273585,675763,121441628,5760,316,1355,358,7669,7499,121418300,625,44
./shape/4.in/4.out,669149,124725,36,25087,243973,124356765,715152,121476031,5780,322,1361,351,7653,7568,121452640,616,45
./shape/4.in/5.out,669149,124725,36,25087,243973,124223206,704497,121379010,5686,309,1306,344,7568,7539,121355881,624,44
./shape/4.in/6.out,669149,124725,36,25087,243973,124202607,712004,121346348,6441,327,1356,345,7569,7520,121322430,625,44
./shape/4.in/7.out,669149,124725,36,25087,243973,124230966,680072,121398948,5299,310,1312,351,7551,7534,121376215,625,44
./shape/4.in/8.out,669149,124725,36,25087,243973,124137530,677430,121306374,5720,315,1302,341,7564,7535,121283230,621,44
./shape/4.in/9.out,669149,124725,36,25087,243973,124171543,680922,121344639,5811,343,1380,346,7589,7551,121321280,620,46
./shape/4.in/10.out,669149,124725,36,25087,243973,124113405,685306,121279837,5745,315,1317,348,7546,7517,121256684,621,45
./shape/4.in/11.out,669149,124725,36,25087,243973,124225999,703625,121375239,5716,306,1322,349,7581,7570,121352022,619,43
./shape/4.in/12.out,669149,124725,36,25087,243973,124282752,709256,121429579,5795,322,1332,351,7582,7522,121406310,625,45
./shape/4.in/13.out,669149,124725,36,25087,243973,124210459,706371,121360220,6243,587,2768,477,9873,7765,121332420,616,43
./shape/4.in/14.out,669149,124725,36,25087,243973,124240283,706263,121380448,5699,311,1304,347,7566,7519,121357328,625,44
./shape/4.in/15.out,669149,124725,36,25087,243973,124210352,682033,121341499,5722,312,1314,350,7531,7496,121318403,623,43
./shape/4.in/16.out,669149,124725,36,25087,243973,124236935,710729,121372841,5767,331,1393,364,7723,7543,121349362,627,44
./shape/4.in/17.out,669149,124725,36,25087,243973,124275849,701959,121421467,5799,327,1353,348,7639,7553,121398088,624,47
./shape/4.in/18.out,669149,124725,36,25087,243973,124300531,708358,121437400,5831,326,1387,360,7816,7544,121413778,625,44
./shape/4.in/19.out,669149,124725,36,25087,243973,124259555,678907,121423801,5775,320,1351,359,7622,7525,121400488,624,42
./shape/4.in/20.out,669149,124725,36,25087,243973,124292336,701395,121440794,5757,316,1359,348,7631,7512,121417497,629,43
./shape/4.in/21.out,669149,124725,36,25087,243973,124167135,703391,121326239,5777,326,1387,349,7637,7566,121302839,623,46
./shape/4.in/22.out,669149,124725,36,25087,243973,124327958,699183,121484976,5840,331,1354,346,7711,7519,121461528,620,43
./shape/4.in/23.out,669149,124725,36,25087,243973,124269084,710340,121405489,5799,327,1354,349,7609,7547,121382152,618,45
./shape/4.in/24.out,669149,124725,36,25087,243973,124282797,675958,121458983,5772,320,1349,361,7662,7533,121435624,619,45
./shape/4.in/25.out,669149,124725,36,25087,243973,124270886,701805,121411478,5384,317,1350,350,7651,7535,121388521,623,47
./shape/4.in/26.out,669149,124725,36,25087,243973,124277697,701676,121409456,5618,332,1440,367,7890,7573,121385883,625,45
./shape/4.in/27.out,669149,124725,36,25087,243973,124248165,685650,121398445,5863,317,1345,349,7651,7491,121375056,627,47
./shape/4.in/28.out,669149,124725,36,25087,243973,124283200,710658,121418336,5834,315,1348,354,7617,7522,121394977,626,43
./shape/4.in/29.out,669149,124725,36,25087,243973,124396131,706348,121518913,5412,325,1351,351,7627,7580,121495917,613,45
./shape/4.in/30.out,669149,124725,36,25087,243973,124263709,711070,121400553,5835,313,1361,351,7642,7548,121377131,622,44
./shape/5.in/0.out,618107,114432,42,24718,218264,113290282,649841,110493487,5328,239,1367,350,8042,6658,110471057,627,42
./shape/5.in/1.out,618107,114432,42,24718,218264,113393041,644229,110610852,5267,233,1352,342,8038,6609,110588558,627,42
./shape/5.in/2.out,618107,114432,42,24718,218264,113439290,648951,110636867,5373,241,1361,345,8017,6610,110614480,621,43
./shape/5.in/3.out,618107,114432,42,24718,218264,113362958,634343,110563336,5377,238,1352,355,8050,6594,110540917,629,45
./shape/5.in/4.out,618107,114432,42,24718,218264,113442359,656823,110625365,5392,238,1350,344,8041,6651,110602900,623,46
./shape/5.in/5.out,618107,114432,42,24718,218264,113463515,653056,110646736,5573,266,1434,362,8305,6684,110623687,631,44
./shape/5.in/6.out,618107,114432,42,24718,218264,113341030,625248,110565727,5399,239,1357,348,8002,6661,110543273,627,44
./shape/5.in/7.out,618107,114432,42,24718,218264,113456884,655024,110657302,5403,237,1414,346,8058,6639,110634756,623,46
./shape/5.in/8.out,618107,114432,42,24718,218264,113377965,646663,110582863,5386,235,1360,346,8024,6592,110560473,623,43
./shape/5.in/9.out,618107,114432,42,24718,218264,113400525,623073,110609953,5339,234,1357,349,8000,6601,110587622,624,45
./shape/5.in/10.out,618107,114432,42,24718,218264,113356882,645614,110577219,5357,237,1362,341,8013,6659,110554801,626,44
./shape/5.in/11.out,618107,114432,42,24718,218264,113398050,648714,110595499,5350,235,1355,356,8038,6619,110573087,633,45
./shape/5.in/12.out,618107,114432,42,24718,218264,113408385,662094,110605907,5785,237,1345,346,8042,6605,110583086,634,46
./shape/5.in/13.out,618107,114432,42,24718,218264,113471338,652324,110658043,5357,236,1357,344,8027,6619,110635649,628,46
./shape/5.in/14.out,618107,114432,42,24718,218264,113493209,659649,110657952,5814,242,1346,349,8030,6631,110635087,631,45
./shape/5.in/15.out,618107,114432,42,24718,218264,113481369,653273,110661107,5551,248,1436,361,8247,6668,110638149,635,44
./shape/5.in/16.out,618107,114432,42,24718,218264,113462490,655343,110663525,5360,239,1353,338,8063,6662,110641054,635,44
./shape/5.in/17.out,618107,114432,42,24718,218264,113515882,654777,110725770,5381,239,1361,344,8011,6658,110703325,629,44
./shape/5.in/18.out,618107,114432,42,24718,218264,113493881,707225,110564001,5933,243,1400,374,8135,6692,110540780,627,44
./shape/5.in/19.out,618107,114432,42,24718,218264,113499622,658395,110671799,5370,240,1357,352,8161,6623,110649249,625,44
./shape/5.in/20.out,618107,114432,42,24718,218264,113395344,630714,110608361,5319,239,1348,352,8019,6619,110586018,627,43
./shape/5.in/21.out,618107,114432,42,24718,218264,113495192,652967,110680283,5318,236,1355,348,8043,6620,110657911,626,45
./shape/5.in/22.out,618107,114432,42,24718,218264,113405002,651548,110595577,5798,238,1352,345,8008,6645,110572735,633,44
./shape/5.in/23.out,618107,114432,42,24718,218264,113402532,650576,110600472,5364,232,1353,344,8013,6612,110578091,634,44
./shape/5.in/24.out,618107,114432,42,24718,218264,113458541,650662,110649124,5998,237,1357,352,8051,6647,110626018,639,47
./shape/5.in/25.out,618107,114432,42,24718,218264,113514340,657604,110689652,5837,235,1361,349,8068,6673,110666675,630,43
./shape/5.in/26.out,618107,114432,42,24718,218264,113410343,655902,110599349,5370,235,1355,348,8048,6625,110576916,628,43
./shape/5.in/27.out,618107,114432,42,24718,218264,113449823,629491,110660990,5822,238,1348,344,8036,6591,110638160,628,44
./shape/5.in/28.out,618107,114432,42,24718,218264,113444923,670147,110620212,5814,234,1352,351,8021,6615,110597369,626,46
./shape/5.in/29.out,618107,114432,42,24718,218264,113468407,661102,110658908,5486,240,1368,346,8044,6645,110636332,628,43
./shape/5.in/30.out,618107,114432,42,24718,218264,113489855,655039,110673964,5848,236,1351,347,8070,6640,110651019,630,43
./shape/6.in/0.out,564276,105432,49,25191,185176,100997564,618988,97209923,5358,238,1359,334,8553,7034,97186621,606,43
./shape/6.in/1.out,564276,105432,49,25191,185176,99924647,601930,97171609,6035,284,1583,2099,12068,7005,97142176,586,40
./shape/6.in/2.out,564276,105432,49,25191,185176,99964549,601975,97198643,5294,236,1355,340,8590,6990,97175426,589,42
./shape/6.in/3.out,564276,105432,49,25191,185176,99824160,679509,96920780,5857,254,1395,357,8584,6982,96896949,591,43
./shape/6.in/4.out,564276,105432,49,25191,185176,100021825,643546,97112944,8773,259,1390,373,8866,7025,97085856,597,42
./shape/6.in/5.out,564276,105432,49,25191,185176,100002638,592906,97224301,5294,237,1357,344,8553,7005,97201097,592,41
./shape/6.in/6.out,564276,105432,49,25191,185176,99931141,563146,97205964,5318,232,1362,342,8566,6994,97182737,589,40
./shape/6.in/7.out,564276,105432,49,25191,185176,100026402,596350,97278106,4920,233,1318,336,8538,7008,97255337,592,40
./shape/6.in/8.out,564276,105432,49,25191,185176,99954705,592483,97217739,5370,245,1343,345,8543,6988,97194510,582,43
./shape/6.in/9.out,564276,105432,49,25191,185176,99879306,564542,97161270,5322,265,1405,346,8567,6976,97138013,587,39
./shape/6.in/10.out,564276,105432,49,25191,185176,100028203,598348,97270467,5360,242,1357,335,8628,7016,97247126,585,41
./shape/6.in/11.out,564276,105432,49,25191,185176,99959790,588113,97237484,5311,226,1305,337,8504,7019,97214356,594,41
./shape/6.in/12.out,564276,105432,49,25191,185176,100007392,595823,97240991,5353,233,1353,335,8566,7004,97217725,595,44
./shape/6.in/13.out,564276,105432,49,25191,185176,99864260,596621,97117741,5303,241,1364,339,8594,7003,97094495,586,41
./shape/6.in/14.out,564276,105432,49,25191,185176,99932771,597395,97195787,5382,243,1328,331,8551,7018,97172529,590,40
./shape/6.in/15.out,564276,105432,49,25191,185176,99991786,588155,97247240,5274,232,1355,340,8540,7038,97224040,595,41
./shape/6.in/16.out,564276,105432,49,25191,185176,99889007,589280,97173853,5252,237,1318,329,8737,6967,97150598,597,39
./shape/6.in/17.out,564276,105432,49,25191,185176,99912650,559447,97212784,6226,297,1739,415,9738,7177,97186842,587,41
./shape/6.in/18.out,564276,105432,49,25191,185176,99919644,599103,97180461,5291,229,1375,344,8539,6980,97157288,586,40
./shape/6.in/19.out,564276,105432,49,25191,185176,99836000,566247,97138719,5241,228,1314,330,8544,6992,97115653,587,41
./shape/6.in/20.out,564276,105432,49,25191,185176,99960641,597659,97210225,5324,229,1317,333,8545,6977,97187077,593,42
./shape/6.in/21.out,564276,105432,49,25191,185176,99961797,593200,97217608,5297,238,1322,332,8512,6994,97194504,589,42
./shape/6.in/22.out,564276,105432,49,25191,185176,99986524,590920,97250848,4841,229,1310,340,8512,7002,97228193,593,40
./shape/6.in/23.out,564276,105432,49,25191,185176,99960174,593305,97217330,5205,228,1311,336,8461,7024,97194341,594,41
./shape/6.in/24.out,564276,105432,49,25191,185176,99921555,599794,97183632,5244,230,1305,348,8484,7004,97160605,585,40
./shape/6.in/25.out,564276,105432,49,25191,185176,99937649,567297,97229150,5285,230,1318,332,8582,6973,97206017,586,43
./shape/6.in/26.out,564276,105432,49,25191,185176,99987449,603328,97241395,5331,236,1369,336,8613,6993,97218104,590,42
./shape/6.in/27.out,564276,105432,49,25191,185176,99957650,589104,97211212,5284,236,1380,347,8563,6990,97188003,590,40
./shape/6.in/28.out,564276,105432,49,25191,185176,99954949,588282,97225164,4892,233,1364,350,8587,7015,97202292,599,46
./shape/6.in/29.out,564276,105432,49,25191,185176,99931056,596809,97180671,5337,263,1375,344,8574,6991,97157400,593,41
./shape/6.in/30.out,564276,105432,49,25191,185176,100041040,607475,97277259,4873,233,1358,342,8553,7058,97254425,593,40
